n a m e _ s w i t c h , n a m e _ p r o d e s e n , l o a d _ z o n e , l o a d _ a r e a , p e r c e n t i l e _ 2 5 , p e r c e n t i l e _ 5 0 , p e r c e n t i l e _ 7 5
 ('name_switch',  ',',  'name_prodesen',  ',',  'control_area',  ',',  'load_area',  ',',  '9.09273599537',  ',',  '16.6120008102',  ',7.11486440972') 
 ('name_switch',  ',',  'name_prodesen',  ',',  'control_area',  ',',  'load_area',  ',',  '17.9930168403',  ',',  '19.3433318287',  ',7.63164959491') 
 ('name_switch',  ',',  'name_prodesen',  ',',  'control_area',  ',',  'load_area',  ',',  '17.1652141782',  ',',  '26.4056828125',  ',9.22595665509') 
 ('name_switch',  ',',  'name_prodesen',  ',',  'control_area',  ',',  'load_area',  ',',  '17.3185957755',  ',',  '26.159668287',  ',8.97153148148') 
 ('name_switch',  ',',  'name_prodesen',  ',',  'control_area',  ',',  'load_area',  ',',  '18.7962952546',  ',',  '27.5542265046',  ',12.3401364005') 
 ('name_switch',  ',',  'name_prodesen',  ',',  'control_area',  ',',  'load_area',  ',',  '16.3101468171',  ',',  '24.8987528356',  ',14.3825916667') 
 ('name_switch',  ',',  'name_prodesen',  ',',  'control_area',  ',',  'load_area',  ',',  '14.2863326389',  ',',  '26.2301242477',  ',25.2234018519') 
 ('name_switch',  ',',  'name_prodesen',  ',',  'control_area',  ',',  'load_area',  ',',  '9.44645347222',  ',',  '28.0629177662',  ',28.3561598958') 
 ('name_switch',  ',',  'name_prodesen',  ',',  'control_area',  ',',  'load_area',  ',',  '9.06557928241',  ',',  '18.1668776042',  ',40.7803442708') 
 ('name_switch',  ',',  'name_prodesen',  ',',  'control_area',  ',',  'load_area',  ',',  '3.70051979167',  ',',  '5.79753200231',  ',43.8663931713') 
 ('name_switch',  ',',  'name_prodesen',  ',',  'control_area',  ',',  'load_area',  ',',  '3.84728373843',  ',',  '9.95292008102',  ',30.8826957755') 
 ('name_switch',  ',',  'name_prodesen',  ',',  'control_area',  ',',  'load_area',  ',',  '0.0',  ',',  '10.4392573495',  ',12.553998669') 
 ('agua_prieta',  ',',  'agua_prieta',  ',',  '03-occidental',  ',',  '23-guadalajara',  ',',  '13.3728354745',  ',',  '16.6120008102',  ',14.8740394097') 
 ('agua_prieta',  ',',  'agua_prieta',  ',',  '03-occidental',  ',',  '23-guadalajara',  ',',  '11.5541417245',  ',',  '19.3433318287',  ',13.9480573495') 
 ('agua_prieta',  ',',  'agua_prieta',  ',',  '03-occidental',  ',',  '23-guadalajara',  ',',  '17.2523601852',  ',',  '26.4056828125',  ',16.9741467014') 
 ('agua_prieta',  ',',  'agua_prieta',  ',',  '03-occidental',  ',',  '23-guadalajara',  ',',  '20.6050243056',  ',',  '26.159668287',  ',28.0113541088') 
 ('agua_prieta',  ',',  'agua_prieta',  ',',  '03-occidental',  ',',  '23-guadalajara',  ',',  '22.3624737269',  ',',  '27.5542265046',  ',27.3401773148') 
 ('agua_prieta',  ',',  'agua_prieta',  ',',  '03-occidental',  ',',  '23-guadalajara',  ',',  '21.8815905671',  ',',  '24.8987528356',  ',25.5351279514') 
 ('agua_prieta',  ',',  'agua_prieta',  ',',  '03-occidental',  ',',  '23-guadalajara',  ',',  '22.6061222801',  ',',  '26.2301242477',  ',22.1739451968') 
 ('agua_prieta',  ',',  'agua_prieta',  ',',  '03-occidental',  ',',  '23-guadalajara',  ',',  '15.7400005208',  ',',  '28.0629177662',  ',27.7872627894') 
 ('agua_prieta',  ',',  'agua_prieta',  ',',  '03-occidental',  ',',  '23-guadalajara',  ',',  '10.7803710648',  ',',  '18.1668776042',  ',28.1779990162') 
 ('agua_prieta',  ',',  'agua_prieta',  ',',  '03-occidental',  ',',  '23-guadalajara',  ',',  '9.66221498843',  ',',  '5.79753200231',  ',31.5193735532') 
 ('agua_prieta',  ',',  'agua_prieta',  ',',  '03-occidental',  ',',  '23-guadalajara',  ',',  '4.41218483796',  ',',  '9.95292008102',  ',26.0427219329') 
 ('agua_prieta',  ',',  'agua_prieta',  ',',  '03-occidental',  ',',  '23-guadalajara',  ',',  '8.05122048611',  ',',  '10.4392573495',  ',22.7923391782') 
 ('angostura',  ',',  'angostura',  ',',  '02-oriental',  ',',  '39-grijalva',  ',',  '9.09273599537',  ',',  '12.0537825231',  ',8.52677540509') 
 ('angostura',  ',',  'angostura',  ',',  '02-oriental',  ',',  '39-grijalva',  ',',  '17.9930168403',  ',',  '19.5076699653',  ',1.434171875') 
 ('angostura',  ',',  'angostura',  ',',  '02-oriental',  ',',  '39-grijalva',  ',',  '17.1652141782',  ',',  '18.2001855324',  ',27.9481141782') 
 ('angostura',  ',',  'angostura',  ',',  '02-oriental',  ',',  '39-grijalva',  ',',  '17.3185957755',  ',',  '25.3011363426',  ',38.4137177662') 
 ('angostura',  ',',  'angostura',  ',',  '02-oriental',  ',',  '39-grijalva',  ',',  '18.7962952546',  ',',  '27.8598996528',  ',37.7223927662') 
 ('angostura',  ',',  'angostura',  ',',  '02-oriental',  ',',  '39-grijalva',  ',',  '16.3101468171',  ',',  '25.9714655093',  ',25.4270568287') 
 ('angostura',  ',',  'angostura',  ',',  '02-oriental',  ',',  '39-grijalva',  ',',  '14.2863326389',  ',',  '18.5602298611',  ',32.7268191551') 
 ('angostura',  ',',  'angostura',  ',',  '02-oriental',  ',',  '39-grijalva',  ',',  '9.44645347222',  ',',  '12.4581427662',  ',37.1753230324') 
 ('angostura',  ',',  'angostura',  ',',  '02-oriental',  ',',  '39-grijalva',  ',',  '9.06557928241',  ',',  '7.47804479167',  ',18.336346412') 
 ('angostura',  ',',  'angostura',  ',',  '02-oriental',  ',',  '39-grijalva',  ',',  '3.70051979167',  ',',  '4.81314085648',  ',18.6613815394') 
 ('angostura',  ',',  'angostura',  ',',  '02-oriental',  ',',  '39-grijalva',  ',',  '3.84728373843',  ',',  '6.01550949074',  ',18.2061802083') 
 ('angostura',  ',',  'angostura',  ',',  '02-oriental',  ',',  '39-grijalva',  ',',  '0.0',  ',',  '4.51311030093',  ',18.1652409722') 
 ('bacurato',  ',',  'bacurato',  ',',  '04-noroeste',  ',',  '04-los_mochis',  ',',  '5.31717355324',  ',',  '16.6120008102',  ',7.11486440972') 
 ('bacurato',  ',',  'bacurato',  ',',  '04-noroeste',  ',',  '04-los_mochis',  ',',  '8.35831689815',  ',',  '19.3433318287',  ',7.63164959491') 
 ('bacurato',  ',',  'bacurato',  ',',  '04-noroeste',  ',',  '04-los_mochis',  ',',  '10.0524397569',  ',',  '26.4056828125',  ',9.22595665509') 
 ('bacurato',  ',',  'bacurato',  ',',  '04-noroeste',  ',',  '04-los_mochis',  ',',  '11.8623338542',  ',',  '26.159668287',  ',8.97153148148') 
 ('bacurato',  ',',  'bacurato',  ',',  '04-noroeste',  ',',  '04-los_mochis',  ',',  '14.0350506366',  ',',  '27.5542265046',  ',12.3401364005') 
 ('bacurato',  ',',  'bacurato',  ',',  '04-noroeste',  ',',  '04-los_mochis',  ',',  '12.5183438079',  ',',  '24.8987528356',  ',14.3825916667') 
 ('bacurato',  ',',  'bacurato',  ',',  '04-noroeste',  ',',  '04-los_mochis',  ',',  '14.1512666667',  ',',  '26.2301242477',  ',25.2234018519') 
 ('bacurato',  ',',  'bacurato',  ',',  '04-noroeste',  ',',  '04-los_mochis',  ',',  '16.588978125',  ',',  '28.0629177662',  ',28.3561598958') 
 ('bacurato',  ',',  'bacurato',  ',',  '04-noroeste',  ',',  '04-los_mochis',  ',',  '18.6768409144',  ',',  '18.1668776042',  ',40.7803442708') 
 ('bacurato',  ',',  'bacurato',  ',',  '04-noroeste',  ',',  '04-los_mochis',  ',',  '23.2751915509',  ',',  '5.79753200231',  ',43.8663931713') 
 ('bacurato',  ',',  'bacurato',  ',',  '04-noroeste',  ',',  '04-los_mochis',  ',',  '12.9500420139',  ',',  '9.95292008102',  ',30.8826957755') 
 ('bacurato',  ',',  'bacurato',  ',',  '04-noroeste',  ',',  '04-los_mochis',  ',',  '17.1814197917',  ',',  '10.4392573495',  ',12.553998669') 
 ('bombana',  ',',  'bombana',  ',',  '02-oriental',  ',',  '39-grijalva',  ',',  '9.09273599537',  ',',  '21.9516347801',  ',7.11486440972') 
 ('bombana',  ',',  'bombana',  ',',  '02-oriental',  ',',  '39-grijalva',  ',',  '17.9930168403',  ',',  '24.6396703704',  ',7.63164959491') 
 ('bombana',  ',',  'bombana',  ',',  '02-oriental',  ',',  '39-grijalva',  ',',  '17.1652141782',  ',',  '30.1161506366',  ',9.22595665509') 
 ('bombana',  ',',  'bombana',  ',',  '02-oriental',  ',',  '39-grijalva',  ',',  '17.3185957755',  ',',  '28.3448371528',  ',8.97153148148') 
 ('bombana',  ',',  'bombana',  ',',  '02-oriental',  ',',  '39-grijalva',  ',',  '18.7962952546',  ',',  '27.4327619213',  ',12.3401364005') 
 ('bombana',  ',',  'bombana',  ',',  '02-oriental',  ',',  '39-grijalva',  ',',  '16.3101468171',  ',',  '25.9670606481',  ',14.3825916667') 
 ('bombana',  ',',  'bombana',  ',',  '02-oriental',  ',',  '39-grijalva',  ',',  '14.2863326389',  ',',  '22.5469578704',  ',25.2234018519') 
 ('bombana',  ',',  'bombana',  ',',  '02-oriental',  ',',  '39-grijalva',  ',',  '9.44645347222',  ',',  '21.2642616898',  ',28.3561598958') 
 ('bombana',  ',',  'bombana',  ',',  '02-oriental',  ',',  '39-grijalva',  ',',  '9.06557928241',  ',',  '23.245420544',  ',40.7803442708') 
 ('bombana',  ',',  'bombana',  ',',  '02-oriental',  ',',  '39-grijalva',  ',',  '3.70051979167',  ',',  '16.1340649306',  ',43.8663931713') 
 ('bombana',  ',',  'bombana',  ',',  '02-oriental',  ',',  '39-grijalva',  ',',  '3.84728373843',  ',',  '15.1915818287',  ',30.8826957755') 
 ('bombana',  ',',  'bombana',  ',',  '02-oriental',  ',',  '39-grijalva',  ',',  '0.0',  ',',  '10.3075746528',  ',12.553998669') 
 ('boquilla',  ',',  'boquilla',  ',',  '05-norte',  ',',  '09-chihuahua',  ',',  '9.09273599537',  ',',  '12.0537825231',  ',8.52677540509') 
 ('boquilla',  ',',  'boquilla',  ',',  '05-norte',  ',',  '09-chihuahua',  ',',  '17.9930168403',  ',',  '19.5076699653',  ',1.434171875') 
 ('boquilla',  ',',  'boquilla',  ',',  '05-norte',  ',',  '09-chihuahua',  ',',  '17.1652141782',  ',',  '18.2001855324',  ',27.9481141782') 
 ('boquilla',  ',',  'boquilla',  ',',  '05-norte',  ',',  '09-chihuahua',  ',',  '17.3185957755',  ',',  '25.3011363426',  ',38.4137177662') 
 ('boquilla',  ',',  'boquilla',  ',',  '05-norte',  ',',  '09-chihuahua',  ',',  '18.7962952546',  ',',  '27.8598996528',  ',37.7223927662') 
 ('boquilla',  ',',  'boquilla',  ',',  '05-norte',  ',',  '09-chihuahua',  ',',  '16.3101468171',  ',',  '25.9714655093',  ',25.4270568287') 
 ('boquilla',  ',',  'boquilla',  ',',  '05-norte',  ',',  '09-chihuahua',  ',',  '14.2863326389',  ',',  '18.5602298611',  ',32.7268191551') 
 ('boquilla',  ',',  'boquilla',  ',',  '05-norte',  ',',  '09-chihuahua',  ',',  '9.44645347222',  ',',  '12.4581427662',  ',37.1753230324') 
 ('boquilla',  ',',  'boquilla',  ',',  '05-norte',  ',',  '09-chihuahua',  ',',  '9.06557928241',  ',',  '7.47804479167',  ',18.336346412') 
 ('boquilla',  ',',  'boquilla',  ',',  '05-norte',  ',',  '09-chihuahua',  ',',  '3.70051979167',  ',',  '4.81314085648',  ',18.6613815394') 
 ('boquilla',  ',',  'boquilla',  ',',  '05-norte',  ',',  '09-chihuahua',  ',',  '3.84728373843',  ',',  '6.01550949074',  ',18.2061802083') 
 ('boquilla',  ',',  'boquilla',  ',',  '05-norte',  ',',  '09-chihuahua',  ',',  '0.0',  ',',  '4.51311030093',  ',18.1652409722') 
 ('botello',  ',',  'botello',  ',',  '03-occidental',  ',',  '28-carapan',  ',',  '13.3728354745',  ',',  '16.6120008102',  ',29.9868489005') 
 ('botello',  ',',  'botello',  ',',  '03-occidental',  ',',  '28-carapan',  ',',  '11.5541417245',  ',',  '19.3433318287',  ',28.0685304398') 
 ('botello',  ',',  'botello',  ',',  '03-occidental',  ',',  '28-carapan',  ',',  '17.2523601852',  ',',  '26.4056828125',  ',28.9582074074') 
 ('botello',  ',',  'botello',  ',',  '03-occidental',  ',',  '28-carapan',  ',',  '20.6050243056',  ',',  '26.159668287',  ',25.2933563079') 
 ('botello',  ',',  'botello',  ',',  '03-occidental',  ',',  '28-carapan',  ',',  '22.3624737269',  ',',  '27.5542265046',  ',24.0138119792') 
 ('botello',  ',',  'botello',  ',',  '03-occidental',  ',',  '28-carapan',  ',',  '21.8815905671',  ',',  '24.8987528356',  ',31.4355299769') 
 ('botello',  ',',  'botello',  ',',  '03-occidental',  ',',  '28-carapan',  ',',  '22.6061222801',  ',',  '26.2301242477',  ',40.7355182292') 
 ('botello',  ',',  'botello',  ',',  '03-occidental',  ',',  '28-carapan',  ',',  '15.7400005208',  ',',  '28.0629177662',  ',27.576927662') 
 ('botello',  ',',  'botello',  ',',  '03-occidental',  ',',  '28-carapan',  ',',  '10.7803710648',  ',',  '18.1668776042',  ',10.0953512731') 
 ('botello',  ',',  'botello',  ',',  '03-occidental',  ',',  '28-carapan',  ',',  '9.66221498843',  ',',  '5.79753200231',  ',7.25627077546') 
 ('botello',  ',',  'botello',  ',',  '03-occidental',  ',',  '28-carapan',  ',',  '4.41218483796',  ',',  '9.95292008102',  ',12.3868145833') 
 ('botello',  ',',  'botello',  ',',  '03-occidental',  ',',  '28-carapan',  ',',  '8.05122048611',  ',',  '10.4392573495',  ',22.0455464699') 
 ('chicoasen',  ',',  'chicoasen',  ',',  '02-oriental',  ',',  '39-grijalva',  ',',  '5.31717355324',  ',',  '12.0537825231',  ',14.8740394097') 
 ('chicoasen',  ',',  'chicoasen',  ',',  '02-oriental',  ',',  '39-grijalva',  ',',  '8.35831689815',  ',',  '19.5076699653',  ',13.9480573495') 
 ('chicoasen',  ',',  'chicoasen',  ',',  '02-oriental',  ',',  '39-grijalva',  ',',  '10.0524397569',  ',',  '18.2001855324',  ',16.9741467014') 
 ('chicoasen',  ',',  'chicoasen',  ',',  '02-oriental',  ',',  '39-grijalva',  ',',  '11.8623338542',  ',',  '25.3011363426',  ',28.0113541088') 
 ('chicoasen',  ',',  'chicoasen',  ',',  '02-oriental',  ',',  '39-grijalva',  ',',  '14.0350506366',  ',',  '27.8598996528',  ',27.3401773148') 
 ('chicoasen',  ',',  'chicoasen',  ',',  '02-oriental',  ',',  '39-grijalva',  ',',  '12.5183438079',  ',',  '25.9714655093',  ',25.5351279514') 
 ('chicoasen',  ',',  'chicoasen',  ',',  '02-oriental',  ',',  '39-grijalva',  ',',  '14.1512666667',  ',',  '18.5602298611',  ',22.1739451968') 
 ('chicoasen',  ',',  'chicoasen',  ',',  '02-oriental',  ',',  '39-grijalva',  ',',  '16.588978125',  ',',  '12.4581427662',  ',27.7872627894') 
 ('chicoasen',  ',',  'chicoasen',  ',',  '02-oriental',  ',',  '39-grijalva',  ',',  '18.6768409144',  ',',  '7.47804479167',  ',28.1779990162') 
 ('chicoasen',  ',',  'chicoasen',  ',',  '02-oriental',  ',',  '39-grijalva',  ',',  '23.2751915509',  ',',  '4.81314085648',  ',31.5193735532') 
 ('chicoasen',  ',',  'chicoasen',  ',',  '02-oriental',  ',',  '39-grijalva',  ',',  '12.9500420139',  ',',  '6.01550949074',  ',26.0427219329') 
 ('chicoasen',  ',',  'chicoasen',  ',',  '02-oriental',  ',',  '39-grijalva',  ',',  '17.1814197917',  ',',  '4.51311030093',  ',22.7923391782') 
 ('chilapan',  ',',  'chilapan',  ',',  '02-oriental',  ',',  '37-coatzacoalcos',  ',',  '13.3728354745',  ',',  '16.6120008102',  ',8.52677540509') 
 ('chilapan',  ',',  'chilapan',  ',',  '02-oriental',  ',',  '37-coatzacoalcos',  ',',  '11.5541417245',  ',',  '19.3433318287',  ',1.434171875') 
 ('chilapan',  ',',  'chilapan',  ',',  '02-oriental',  ',',  '37-coatzacoalcos',  ',',  '17.2523601852',  ',',  '26.4056828125',  ',27.9481141782') 
 ('chilapan',  ',',  'chilapan',  ',',  '02-oriental',  ',',  '37-coatzacoalcos',  ',',  '20.6050243056',  ',',  '26.159668287',  ',38.4137177662') 
 ('chilapan',  ',',  'chilapan',  ',',  '02-oriental',  ',',  '37-coatzacoalcos',  ',',  '22.3624737269',  ',',  '27.5542265046',  ',37.7223927662') 
 ('chilapan',  ',',  'chilapan',  ',',  '02-oriental',  ',',  '37-coatzacoalcos',  ',',  '21.8815905671',  ',',  '24.8987528356',  ',25.4270568287') 
 ('chilapan',  ',',  'chilapan',  ',',  '02-oriental',  ',',  '37-coatzacoalcos',  ',',  '22.6061222801',  ',',  '26.2301242477',  ',32.7268191551') 
 ('chilapan',  ',',  'chilapan',  ',',  '02-oriental',  ',',  '37-coatzacoalcos',  ',',  '15.7400005208',  ',',  '28.0629177662',  ',37.1753230324') 
 ('chilapan',  ',',  'chilapan',  ',',  '02-oriental',  ',',  '37-coatzacoalcos',  ',',  '10.7803710648',  ',',  '18.1668776042',  ',18.336346412') 
 ('chilapan',  ',',  'chilapan',  ',',  '02-oriental',  ',',  '37-coatzacoalcos',  ',',  '9.66221498843',  ',',  '5.79753200231',  ',18.6613815394') 
 ('chilapan',  ',',  'chilapan',  ',',  '02-oriental',  ',',  '37-coatzacoalcos',  ',',  '4.41218483796',  ',',  '9.95292008102',  ',18.2061802083') 
 ('chilapan',  ',',  'chilapan',  ',',  '02-oriental',  ',',  '37-coatzacoalcos',  ',',  '8.05122048611',  ',',  '10.4392573495',  ',18.1652409722') 
 ('colimilla',  ',',  'colimilla',  ',',  '03-occidental',  ',',  '23-guadalajara',  ',',  '5.31717355324',  ',',  '16.6120008102',  ',8.52677540509') 
 ('colimilla',  ',',  'colimilla',  ',',  '03-occidental',  ',',  '23-guadalajara',  ',',  '8.35831689815',  ',',  '19.3433318287',  ',1.434171875') 
 ('colimilla',  ',',  'colimilla',  ',',  '03-occidental',  ',',  '23-guadalajara',  ',',  '10.0524397569',  ',',  '26.4056828125',  ',27.9481141782') 
 ('colimilla',  ',',  'colimilla',  ',',  '03-occidental',  ',',  '23-guadalajara',  ',',  '11.8623338542',  ',',  '26.159668287',  ',38.4137177662') 
 ('colimilla',  ',',  'colimilla',  ',',  '03-occidental',  ',',  '23-guadalajara',  ',',  '14.0350506366',  ',',  '27.5542265046',  ',37.7223927662') 
 ('colimilla',  ',',  'colimilla',  ',',  '03-occidental',  ',',  '23-guadalajara',  ',',  '12.5183438079',  ',',  '24.8987528356',  ',25.4270568287') 
 ('colimilla',  ',',  'colimilla',  ',',  '03-occidental',  ',',  '23-guadalajara',  ',',  '14.1512666667',  ',',  '26.2301242477',  ',32.7268191551') 
 ('colimilla',  ',',  'colimilla',  ',',  '03-occidental',  ',',  '23-guadalajara',  ',',  '16.588978125',  ',',  '28.0629177662',  ',37.1753230324') 
 ('colimilla',  ',',  'colimilla',  ',',  '03-occidental',  ',',  '23-guadalajara',  ',',  '18.6768409144',  ',',  '18.1668776042',  ',18.336346412') 
 ('colimilla',  ',',  'colimilla',  ',',  '03-occidental',  ',',  '23-guadalajara',  ',',  '23.2751915509',  ',',  '5.79753200231',  ',18.6613815394') 
 ('colimilla',  ',',  'colimilla',  ',',  '03-occidental',  ',',  '23-guadalajara',  ',',  '12.9500420139',  ',',  '9.95292008102',  ',18.2061802083') 
 ('colimilla',  ',',  'colimilla',  ',',  '03-occidental',  ',',  '23-guadalajara',  ',',  '17.1814197917',  ',',  '10.4392573495',  ',18.1652409722') 
 ('colina',  ',',  'colina',  ',',  '05-norte',  ',',  '09-chihuahua',  ',',  '13.3728354745',  ',',  '16.6120008102',  ',7.11486440972') 
 ('colina',  ',',  'colina',  ',',  '05-norte',  ',',  '09-chihuahua',  ',',  '11.5541417245',  ',',  '19.3433318287',  ',7.63164959491') 
 ('colina',  ',',  'colina',  ',',  '05-norte',  ',',  '09-chihuahua',  ',',  '17.2523601852',  ',',  '26.4056828125',  ',9.22595665509') 
 ('colina',  ',',  'colina',  ',',  '05-norte',  ',',  '09-chihuahua',  ',',  '20.6050243056',  ',',  '26.159668287',  ',8.97153148148') 
 ('colina',  ',',  'colina',  ',',  '05-norte',  ',',  '09-chihuahua',  ',',  '22.3624737269',  ',',  '27.5542265046',  ',12.3401364005') 
 ('colina',  ',',  'colina',  ',',  '05-norte',  ',',  '09-chihuahua',  ',',  '21.8815905671',  ',',  '24.8987528356',  ',14.3825916667') 
 ('colina',  ',',  'colina',  ',',  '05-norte',  ',',  '09-chihuahua',  ',',  '22.6061222801',  ',',  '26.2301242477',  ',25.2234018519') 
 ('colina',  ',',  'colina',  ',',  '05-norte',  ',',  '09-chihuahua',  ',',  '15.7400005208',  ',',  '28.0629177662',  ',28.3561598958') 
 ('colina',  ',',  'colina',  ',',  '05-norte',  ',',  '09-chihuahua',  ',',  '10.7803710648',  ',',  '18.1668776042',  ',40.7803442708') 
 ('colina',  ',',  'colina',  ',',  '05-norte',  ',',  '09-chihuahua',  ',',  '9.66221498843',  ',',  '5.79753200231',  ',43.8663931713') 
 ('colina',  ',',  'colina',  ',',  '05-norte',  ',',  '09-chihuahua',  ',',  '4.41218483796',  ',',  '9.95292008102',  ',30.8826957755') 
 ('colina',  ',',  'colina',  ',',  '05-norte',  ',',  '09-chihuahua',  ',',  '8.05122048611',  ',',  '10.4392573495',  ',12.553998669') 
 ('colotipa',  ',',  'colotlipa',  ',',  '02-oriental',  ',',  '35-acapulco',  ',',  '13.3728354745',  ',',  '12.0537825231',  ',8.52677540509') 
 ('colotipa',  ',',  'colotlipa',  ',',  '02-oriental',  ',',  '35-acapulco',  ',',  '11.5541417245',  ',',  '19.5076699653',  ',1.434171875') 
 ('colotipa',  ',',  'colotlipa',  ',',  '02-oriental',  ',',  '35-acapulco',  ',',  '17.2523601852',  ',',  '18.2001855324',  ',27.9481141782') 
 ('colotipa',  ',',  'colotlipa',  ',',  '02-oriental',  ',',  '35-acapulco',  ',',  '20.6050243056',  ',',  '25.3011363426',  ',38.4137177662') 
 ('colotipa',  ',',  'colotlipa',  ',',  '02-oriental',  ',',  '35-acapulco',  ',',  '22.3624737269',  ',',  '27.8598996528',  ',37.7223927662') 
 ('colotipa',  ',',  'colotlipa',  ',',  '02-oriental',  ',',  '35-acapulco',  ',',  '21.8815905671',  ',',  '25.9714655093',  ',25.4270568287') 
 ('colotipa',  ',',  'colotlipa',  ',',  '02-oriental',  ',',  '35-acapulco',  ',',  '22.6061222801',  ',',  '18.5602298611',  ',32.7268191551') 
 ('colotipa',  ',',  'colotlipa',  ',',  '02-oriental',  ',',  '35-acapulco',  ',',  '15.7400005208',  ',',  '12.4581427662',  ',37.1753230324') 
 ('colotipa',  ',',  'colotlipa',  ',',  '02-oriental',  ',',  '35-acapulco',  ',',  '10.7803710648',  ',',  '7.47804479167',  ',18.336346412') 
 ('colotipa',  ',',  'colotlipa',  ',',  '02-oriental',  ',',  '35-acapulco',  ',',  '9.66221498843',  ',',  '4.81314085648',  ',18.6613815394') 
 ('colotipa',  ',',  'colotlipa',  ',',  '02-oriental',  ',',  '35-acapulco',  ',',  '4.41218483796',  ',',  '6.01550949074',  ',18.2061802083') 
 ('colotipa',  ',',  'colotlipa',  ',',  '02-oriental',  ',',  '35-acapulco',  ',',  '8.05122048611',  ',',  '4.51311030093',  ',18.1652409722') 
 ('comedero',  ',',  'comedero',  ',',  '04-noroeste',  ',',  '05-culiacan',  ',',  '5.31717355324',  ',',  '21.9516347801',  ',14.8740394097') 
 ('comedero',  ',',  'comedero',  ',',  '04-noroeste',  ',',  '05-culiacan',  ',',  '8.35831689815',  ',',  '24.6396703704',  ',13.9480573495') 
 ('comedero',  ',',  'comedero',  ',',  '04-noroeste',  ',',  '05-culiacan',  ',',  '10.0524397569',  ',',  '30.1161506366',  ',16.9741467014') 
 ('comedero',  ',',  'comedero',  ',',  '04-noroeste',  ',',  '05-culiacan',  ',',  '11.8623338542',  ',',  '28.3448371528',  ',28.0113541088') 
 ('comedero',  ',',  'comedero',  ',',  '04-noroeste',  ',',  '05-culiacan',  ',',  '14.0350506366',  ',',  '27.4327619213',  ',27.3401773148') 
 ('comedero',  ',',  'comedero',  ',',  '04-noroeste',  ',',  '05-culiacan',  ',',  '12.5183438079',  ',',  '25.9670606481',  ',25.5351279514') 
 ('comedero',  ',',  'comedero',  ',',  '04-noroeste',  ',',  '05-culiacan',  ',',  '14.1512666667',  ',',  '22.5469578704',  ',22.1739451968') 
 ('comedero',  ',',  'comedero',  ',',  '04-noroeste',  ',',  '05-culiacan',  ',',  '16.588978125',  ',',  '21.2642616898',  ',27.7872627894') 
 ('comedero',  ',',  'comedero',  ',',  '04-noroeste',  ',',  '05-culiacan',  ',',  '18.6768409144',  ',',  '23.245420544',  ',28.1779990162') 
 ('comedero',  ',',  'comedero',  ',',  '04-noroeste',  ',',  '05-culiacan',  ',',  '23.2751915509',  ',',  '16.1340649306',  ',31.5193735532') 
 ('comedero',  ',',  'comedero',  ',',  '04-noroeste',  ',',  '05-culiacan',  ',',  '12.9500420139',  ',',  '15.1915818287',  ',26.0427219329') 
 ('comedero',  ',',  'comedero',  ',',  '04-noroeste',  ',',  '05-culiacan',  ',',  '17.1814197917',  ',',  '10.3075746528',  ',22.7923391782') 
 ('cupatitzio',  ',',  'cupatitzio',  ',',  '03-occidental',  ',',  '28-carapan',  ',',  '9.09273599537',  ',',  '21.9516347801',  ',29.9868489005') 
 ('cupatitzio',  ',',  'cupatitzio',  ',',  '03-occidental',  ',',  '28-carapan',  ',',  '17.9930168403',  ',',  '24.6396703704',  ',28.0685304398') 
 ('cupatitzio',  ',',  'cupatitzio',  ',',  '03-occidental',  ',',  '28-carapan',  ',',  '17.1652141782',  ',',  '30.1161506366',  ',28.9582074074') 
 ('cupatitzio',  ',',  'cupatitzio',  ',',  '03-occidental',  ',',  '28-carapan',  ',',  '17.3185957755',  ',',  '28.3448371528',  ',25.2933563079') 
 ('cupatitzio',  ',',  'cupatitzio',  ',',  '03-occidental',  ',',  '28-carapan',  ',',  '18.7962952546',  ',',  '27.4327619213',  ',24.0138119792') 
 ('cupatitzio',  ',',  'cupatitzio',  ',',  '03-occidental',  ',',  '28-carapan',  ',',  '16.3101468171',  ',',  '25.9670606481',  ',31.4355299769') 
 ('cupatitzio',  ',',  'cupatitzio',  ',',  '03-occidental',  ',',  '28-carapan',  ',',  '14.2863326389',  ',',  '22.5469578704',  ',40.7355182292') 
 ('cupatitzio',  ',',  'cupatitzio',  ',',  '03-occidental',  ',',  '28-carapan',  ',',  '9.44645347222',  ',',  '21.2642616898',  ',27.576927662') 
 ('cupatitzio',  ',',  'cupatitzio',  ',',  '03-occidental',  ',',  '28-carapan',  ',',  '9.06557928241',  ',',  '23.245420544',  ',10.0953512731') 
 ('cupatitzio',  ',',  'cupatitzio',  ',',  '03-occidental',  ',',  '28-carapan',  ',',  '3.70051979167',  ',',  '16.1340649306',  ',7.25627077546') 
 ('cupatitzio',  ',',  'cupatitzio',  ',',  '03-occidental',  ',',  '28-carapan',  ',',  '3.84728373843',  ',',  '15.1915818287',  ',12.3868145833') 
 ('cupatitzio',  ',',  'cupatitzio',  ',',  '03-occidental',  ',',  '28-carapan',  ',',  '0.0',  ',',  '10.3075746528',  ',22.0455464699') 
 ('el_cajon',  ',',  'el_cajon',  ',',  '03-occidental',  ',',  '23-guadalajara',  ',',  '9.09273599537',  ',',  '16.6120008102',  ',29.9868489005') 
 ('el_cajon',  ',',  'el_cajon',  ',',  '03-occidental',  ',',  '23-guadalajara',  ',',  '17.9930168403',  ',',  '19.3433318287',  ',28.0685304398') 
 ('el_cajon',  ',',  'el_cajon',  ',',  '03-occidental',  ',',  '23-guadalajara',  ',',  '17.1652141782',  ',',  '26.4056828125',  ',28.9582074074') 
 ('el_cajon',  ',',  'el_cajon',  ',',  '03-occidental',  ',',  '23-guadalajara',  ',',  '17.3185957755',  ',',  '26.159668287',  ',25.2933563079') 
 ('el_cajon',  ',',  'el_cajon',  ',',  '03-occidental',  ',',  '23-guadalajara',  ',',  '18.7962952546',  ',',  '27.5542265046',  ',24.0138119792') 
 ('el_cajon',  ',',  'el_cajon',  ',',  '03-occidental',  ',',  '23-guadalajara',  ',',  '16.3101468171',  ',',  '24.8987528356',  ',31.4355299769') 
 ('el_cajon',  ',',  'el_cajon',  ',',  '03-occidental',  ',',  '23-guadalajara',  ',',  '14.2863326389',  ',',  '26.2301242477',  ',40.7355182292') 
 ('el_cajon',  ',',  'el_cajon',  ',',  '03-occidental',  ',',  '23-guadalajara',  ',',  '9.44645347222',  ',',  '28.0629177662',  ',27.576927662') 
 ('el_cajon',  ',',  'el_cajon',  ',',  '03-occidental',  ',',  '23-guadalajara',  ',',  '9.06557928241',  ',',  '18.1668776042',  ',10.0953512731') 
 ('el_cajon',  ',',  'el_cajon',  ',',  '03-occidental',  ',',  '23-guadalajara',  ',',  '3.70051979167',  ',',  '5.79753200231',  ',7.25627077546') 
 ('el_cajon',  ',',  'el_cajon',  ',',  '03-occidental',  ',',  '23-guadalajara',  ',',  '3.84728373843',  ',',  '9.95292008102',  ',12.3868145833') 
 ('el_cajon',  ',',  'el_cajon',  ',',  '03-occidental',  ',',  '23-guadalajara',  ',',  '0.0',  ',',  '10.4392573495',  ',22.0455464699') 
 ('el_caracol',  ',',  'caracol',  ',',  '02-oriental',  ',',  '35-acapulco',  ',',  '9.09273599537',  ',',  '21.9516347801',  ',29.9868489005') 
 ('el_caracol',  ',',  'caracol',  ',',  '02-oriental',  ',',  '35-acapulco',  ',',  '17.9930168403',  ',',  '24.6396703704',  ',28.0685304398') 
 ('el_caracol',  ',',  'caracol',  ',',  '02-oriental',  ',',  '35-acapulco',  ',',  '17.1652141782',  ',',  '30.1161506366',  ',28.9582074074') 
 ('el_caracol',  ',',  'caracol',  ',',  '02-oriental',  ',',  '35-acapulco',  ',',  '17.3185957755',  ',',  '28.3448371528',  ',25.2933563079') 
 ('el_caracol',  ',',  'caracol',  ',',  '02-oriental',  ',',  '35-acapulco',  ',',  '18.7962952546',  ',',  '27.4327619213',  ',24.0138119792') 
 ('el_caracol',  ',',  'caracol',  ',',  '02-oriental',  ',',  '35-acapulco',  ',',  '16.3101468171',  ',',  '25.9670606481',  ',31.4355299769') 
 ('el_caracol',  ',',  'caracol',  ',',  '02-oriental',  ',',  '35-acapulco',  ',',  '14.2863326389',  ',',  '22.5469578704',  ',40.7355182292') 
 ('el_caracol',  ',',  'caracol',  ',',  '02-oriental',  ',',  '35-acapulco',  ',',  '9.44645347222',  ',',  '21.2642616898',  ',27.576927662') 
 ('el_caracol',  ',',  'caracol',  ',',  '02-oriental',  ',',  '35-acapulco',  ',',  '9.06557928241',  ',',  '23.245420544',  ',10.0953512731') 
 ('el_caracol',  ',',  'caracol',  ',',  '02-oriental',  ',',  '35-acapulco',  ',',  '3.70051979167',  ',',  '16.1340649306',  ',7.25627077546') 
 ('el_caracol',  ',',  'caracol',  ',',  '02-oriental',  ',',  '35-acapulco',  ',',  '3.84728373843',  ',',  '15.1915818287',  ',12.3868145833') 
 ('el_caracol',  ',',  'caracol',  ',',  '02-oriental',  ',',  '35-acapulco',  ',',  '0.0',  ',',  '10.3075746528',  ',22.0455464699') 
 ('el_cobano',  ',',  'cobano',  ',',  '03-occidental',  ',',  '29-lazaro_cardenas',  ',',  '9.09273599537',  ',',  '12.0537825231',  ',14.8740394097') 
 ('el_cobano',  ',',  'cobano',  ',',  '03-occidental',  ',',  '29-lazaro_cardenas',  ',',  '17.9930168403',  ',',  '19.5076699653',  ',13.9480573495') 
 ('el_cobano',  ',',  'cobano',  ',',  '03-occidental',  ',',  '29-lazaro_cardenas',  ',',  '17.1652141782',  ',',  '18.2001855324',  ',16.9741467014') 
 ('el_cobano',  ',',  'cobano',  ',',  '03-occidental',  ',',  '29-lazaro_cardenas',  ',',  '17.3185957755',  ',',  '25.3011363426',  ',28.0113541088') 
 ('el_cobano',  ',',  'cobano',  ',',  '03-occidental',  ',',  '29-lazaro_cardenas',  ',',  '18.7962952546',  ',',  '27.8598996528',  ',27.3401773148') 
 ('el_cobano',  ',',  'cobano',  ',',  '03-occidental',  ',',  '29-lazaro_cardenas',  ',',  '16.3101468171',  ',',  '25.9714655093',  ',25.5351279514') 
 ('el_cobano',  ',',  'cobano',  ',',  '03-occidental',  ',',  '29-lazaro_cardenas',  ',',  '14.2863326389',  ',',  '18.5602298611',  ',22.1739451968') 
 ('el_cobano',  ',',  'cobano',  ',',  '03-occidental',  ',',  '29-lazaro_cardenas',  ',',  '9.44645347222',  ',',  '12.4581427662',  ',27.7872627894') 
 ('el_cobano',  ',',  'cobano',  ',',  '03-occidental',  ',',  '29-lazaro_cardenas',  ',',  '9.06557928241',  ',',  '7.47804479167',  ',28.1779990162') 
 ('el_cobano',  ',',  'cobano',  ',',  '03-occidental',  ',',  '29-lazaro_cardenas',  ',',  '3.70051979167',  ',',  '4.81314085648',  ',31.5193735532') 
 ('el_cobano',  ',',  'cobano',  ',',  '03-occidental',  ',',  '29-lazaro_cardenas',  ',',  '3.84728373843',  ',',  '6.01550949074',  ',26.0427219329') 
 ('el_cobano',  ',',  'cobano',  ',',  '03-occidental',  ',',  '29-lazaro_cardenas',  ',',  '0.0',  ',',  '4.51311030093',  ',22.7923391782') 
 ('el_encanto',  ',',  'encanto',  ',',  '02-oriental',  ',',  '32-poza_rica',  ',',  '9.09273599537',  ',',  '12.0537825231',  ',7.11486440972') 
 ('el_encanto',  ',',  'encanto',  ',',  '02-oriental',  ',',  '32-poza_rica',  ',',  '17.9930168403',  ',',  '19.5076699653',  ',7.63164959491') 
 ('el_encanto',  ',',  'encanto',  ',',  '02-oriental',  ',',  '32-poza_rica',  ',',  '17.1652141782',  ',',  '18.2001855324',  ',9.22595665509') 
 ('el_encanto',  ',',  'encanto',  ',',  '02-oriental',  ',',  '32-poza_rica',  ',',  '17.3185957755',  ',',  '25.3011363426',  ',8.97153148148') 
 ('el_encanto',  ',',  'encanto',  ',',  '02-oriental',  ',',  '32-poza_rica',  ',',  '18.7962952546',  ',',  '27.8598996528',  ',12.3401364005') 
 ('el_encanto',  ',',  'encanto',  ',',  '02-oriental',  ',',  '32-poza_rica',  ',',  '16.3101468171',  ',',  '25.9714655093',  ',14.3825916667') 
 ('el_encanto',  ',',  'encanto',  ',',  '02-oriental',  ',',  '32-poza_rica',  ',',  '14.2863326389',  ',',  '18.5602298611',  ',25.2234018519') 
 ('el_encanto',  ',',  'encanto',  ',',  '02-oriental',  ',',  '32-poza_rica',  ',',  '9.44645347222',  ',',  '12.4581427662',  ',28.3561598958') 
 ('el_encanto',  ',',  'encanto',  ',',  '02-oriental',  ',',  '32-poza_rica',  ',',  '9.06557928241',  ',',  '7.47804479167',  ',40.7803442708') 
 ('el_encanto',  ',',  'encanto',  ',',  '02-oriental',  ',',  '32-poza_rica',  ',',  '3.70051979167',  ',',  '4.81314085648',  ',43.8663931713') 
 ('el_encanto',  ',',  'encanto',  ',',  '02-oriental',  ',',  '32-poza_rica',  ',',  '3.84728373843',  ',',  '6.01550949074',  ',30.8826957755') 
 ('el_encanto',  ',',  'encanto',  ',',  '02-oriental',  ',',  '32-poza_rica',  ',',  '0.0',  ',',  '4.51311030093',  ',12.553998669') 
 ('el_fuerte',  ',',  'el_fuerte',  ',',  '04-noroeste',  ',',  '04-los_mochis',  ',',  '9.09273599537',  ',',  '21.9516347801',  ',8.52677540509') 
 ('el_fuerte',  ',',  'el_fuerte',  ',',  '04-noroeste',  ',',  '04-los_mochis',  ',',  '17.9930168403',  ',',  '24.6396703704',  ',1.434171875') 
 ('el_fuerte',  ',',  'el_fuerte',  ',',  '04-noroeste',  ',',  '04-los_mochis',  ',',  '17.1652141782',  ',',  '30.1161506366',  ',27.9481141782') 
 ('el_fuerte',  ',',  'el_fuerte',  ',',  '04-noroeste',  ',',  '04-los_mochis',  ',',  '17.3185957755',  ',',  '28.3448371528',  ',38.4137177662') 
 ('el_fuerte',  ',',  'el_fuerte',  ',',  '04-noroeste',  ',',  '04-los_mochis',  ',',  '18.7962952546',  ',',  '27.4327619213',  ',37.7223927662') 
 ('el_fuerte',  ',',  'el_fuerte',  ',',  '04-noroeste',  ',',  '04-los_mochis',  ',',  '16.3101468171',  ',',  '25.9670606481',  ',25.4270568287') 
 ('el_fuerte',  ',',  'el_fuerte',  ',',  '04-noroeste',  ',',  '04-los_mochis',  ',',  '14.2863326389',  ',',  '22.5469578704',  ',32.7268191551') 
 ('el_fuerte',  ',',  'el_fuerte',  ',',  '04-noroeste',  ',',  '04-los_mochis',  ',',  '9.44645347222',  ',',  '21.2642616898',  ',37.1753230324') 
 ('el_fuerte',  ',',  'el_fuerte',  ',',  '04-noroeste',  ',',  '04-los_mochis',  ',',  '9.06557928241',  ',',  '23.245420544',  ',18.336346412') 
 ('el_fuerte',  ',',  'el_fuerte',  ',',  '04-noroeste',  ',',  '04-los_mochis',  ',',  '3.70051979167',  ',',  '16.1340649306',  ',18.6613815394') 
 ('el_fuerte',  ',',  'el_fuerte',  ',',  '04-noroeste',  ',',  '04-los_mochis',  ',',  '3.84728373843',  ',',  '15.1915818287',  ',18.2061802083') 
 ('el_fuerte',  ',',  'el_fuerte',  ',',  '04-noroeste',  ',',  '04-los_mochis',  ',',  '0.0',  ',',  '10.3075746528',  ',18.1652409722') 
 ('el_novillo',  ',',  'el_novillo',  ',',  '04-noroeste',  ',',  '01-hermosillo',  ',',  '5.31717355324',  ',',  '16.6120008102',  ',7.11486440972') 
 ('el_novillo',  ',',  'el_novillo',  ',',  '04-noroeste',  ',',  '01-hermosillo',  ',',  '8.35831689815',  ',',  '19.3433318287',  ',7.63164959491') 
 ('el_novillo',  ',',  'el_novillo',  ',',  '04-noroeste',  ',',  '01-hermosillo',  ',',  '10.0524397569',  ',',  '26.4056828125',  ',9.22595665509') 
 ('el_novillo',  ',',  'el_novillo',  ',',  '04-noroeste',  ',',  '01-hermosillo',  ',',  '11.8623338542',  ',',  '26.159668287',  ',8.97153148148') 
 ('el_novillo',  ',',  'el_novillo',  ',',  '04-noroeste',  ',',  '01-hermosillo',  ',',  '14.0350506366',  ',',  '27.5542265046',  ',12.3401364005') 
 ('el_novillo',  ',',  'el_novillo',  ',',  '04-noroeste',  ',',  '01-hermosillo',  ',',  '12.5183438079',  ',',  '24.8987528356',  ',14.3825916667') 
 ('el_novillo',  ',',  'el_novillo',  ',',  '04-noroeste',  ',',  '01-hermosillo',  ',',  '14.1512666667',  ',',  '26.2301242477',  ',25.2234018519') 
 ('el_novillo',  ',',  'el_novillo',  ',',  '04-noroeste',  ',',  '01-hermosillo',  ',',  '16.588978125',  ',',  '28.0629177662',  ',28.3561598958') 
 ('el_novillo',  ',',  'el_novillo',  ',',  '04-noroeste',  ',',  '01-hermosillo',  ',',  '18.6768409144',  ',',  '18.1668776042',  ',40.7803442708') 
 ('el_novillo',  ',',  'el_novillo',  ',',  '04-noroeste',  ',',  '01-hermosillo',  ',',  '23.2751915509',  ',',  '5.79753200231',  ',43.8663931713') 
 ('el_novillo',  ',',  'el_novillo',  ',',  '04-noroeste',  ',',  '01-hermosillo',  ',',  '12.9500420139',  ',',  '9.95292008102',  ',30.8826957755') 
 ('el_novillo',  ',',  'el_novillo',  ',',  '04-noroeste',  ',',  '01-hermosillo',  ',',  '17.1814197917',  ',',  '10.4392573495',  ',12.553998669') 
 ('el_platanal',  ',',  'platanal',  ',',  '03-occidental',  ',',  '28-carapan',  ',',  '9.09273599537',  ',',  '12.0537825231',  ',7.11486440972') 
 ('el_platanal',  ',',  'platanal',  ',',  '03-occidental',  ',',  '28-carapan',  ',',  '17.9930168403',  ',',  '19.5076699653',  ',7.63164959491') 
 ('el_platanal',  ',',  'platanal',  ',',  '03-occidental',  ',',  '28-carapan',  ',',  '17.1652141782',  ',',  '18.2001855324',  ',9.22595665509') 
 ('el_platanal',  ',',  'platanal',  ',',  '03-occidental',  ',',  '28-carapan',  ',',  '17.3185957755',  ',',  '25.3011363426',  ',8.97153148148') 
 ('el_platanal',  ',',  'platanal',  ',',  '03-occidental',  ',',  '28-carapan',  ',',  '18.7962952546',  ',',  '27.8598996528',  ',12.3401364005') 
 ('el_platanal',  ',',  'platanal',  ',',  '03-occidental',  ',',  '28-carapan',  ',',  '16.3101468171',  ',',  '25.9714655093',  ',14.3825916667') 
 ('el_platanal',  ',',  'platanal',  ',',  '03-occidental',  ',',  '28-carapan',  ',',  '14.2863326389',  ',',  '18.5602298611',  ',25.2234018519') 
 ('el_platanal',  ',',  'platanal',  ',',  '03-occidental',  ',',  '28-carapan',  ',',  '9.44645347222',  ',',  '12.4581427662',  ',28.3561598958') 
 ('el_platanal',  ',',  'platanal',  ',',  '03-occidental',  ',',  '28-carapan',  ',',  '9.06557928241',  ',',  '7.47804479167',  ',40.7803442708') 
 ('el_platanal',  ',',  'platanal',  ',',  '03-occidental',  ',',  '28-carapan',  ',',  '3.70051979167',  ',',  '4.81314085648',  ',43.8663931713') 
 ('el_platanal',  ',',  'platanal',  ',',  '03-occidental',  ',',  '28-carapan',  ',',  '3.84728373843',  ',',  '6.01550949074',  ',30.8826957755') 
 ('el_platanal',  ',',  'platanal',  ',',  '03-occidental',  ',',  '28-carapan',  ',',  '0.0',  ',',  '4.51311030093',  ',12.553998669') 
 ('el_salto',  ',',  'el_salto',  ',',  '06-noreste',  ',',  '18-valles',  ',',  '9.09273599537',  ',',  '16.6120008102',  ',29.9868489005') 
 ('el_salto',  ',',  'el_salto',  ',',  '06-noreste',  ',',  '18-valles',  ',',  '17.9930168403',  ',',  '19.3433318287',  ',28.0685304398') 
 ('el_salto',  ',',  'el_salto',  ',',  '06-noreste',  ',',  '18-valles',  ',',  '17.1652141782',  ',',  '26.4056828125',  ',28.9582074074') 
 ('el_salto',  ',',  'el_salto',  ',',  '06-noreste',  ',',  '18-valles',  ',',  '17.3185957755',  ',',  '26.159668287',  ',25.2933563079') 
 ('el_salto',  ',',  'el_salto',  ',',  '06-noreste',  ',',  '18-valles',  ',',  '18.7962952546',  ',',  '27.5542265046',  ',24.0138119792') 
 ('el_salto',  ',',  'el_salto',  ',',  '06-noreste',  ',',  '18-valles',  ',',  '16.3101468171',  ',',  '24.8987528356',  ',31.4355299769') 
 ('el_salto',  ',',  'el_salto',  ',',  '06-noreste',  ',',  '18-valles',  ',',  '14.2863326389',  ',',  '26.2301242477',  ',40.7355182292') 
 ('el_salto',  ',',  'el_salto',  ',',  '06-noreste',  ',',  '18-valles',  ',',  '9.44645347222',  ',',  '28.0629177662',  ',27.576927662') 
 ('el_salto',  ',',  'el_salto',  ',',  '06-noreste',  ',',  '18-valles',  ',',  '9.06557928241',  ',',  '18.1668776042',  ',10.0953512731') 
 ('el_salto',  ',',  'el_salto',  ',',  '06-noreste',  ',',  '18-valles',  ',',  '3.70051979167',  ',',  '5.79753200231',  ',7.25627077546') 
 ('el_salto',  ',',  'el_salto',  ',',  '06-noreste',  ',',  '18-valles',  ',',  '3.84728373843',  ',',  '9.95292008102',  ',12.3868145833') 
 ('el_salto',  ',',  'el_salto',  ',',  '06-noreste',  ',',  '18-valles',  ',',  '0.0',  ',',  '10.4392573495',  ',22.0455464699') 
 ('electroquimica',  ',',  'electroquimica',  ',',  '06-noreste',  ',',  '18-valles',  ',',  '9.09273599537',  ',',  '16.6120008102',  ',14.8740394097') 
 ('electroquimica',  ',',  'electroquimica',  ',',  '06-noreste',  ',',  '18-valles',  ',',  '17.9930168403',  ',',  '19.3433318287',  ',13.9480573495') 
 ('electroquimica',  ',',  'electroquimica',  ',',  '06-noreste',  ',',  '18-valles',  ',',  '17.1652141782',  ',',  '26.4056828125',  ',16.9741467014') 
 ('electroquimica',  ',',  'electroquimica',  ',',  '06-noreste',  ',',  '18-valles',  ',',  '17.3185957755',  ',',  '26.159668287',  ',28.0113541088') 
 ('electroquimica',  ',',  'electroquimica',  ',',  '06-noreste',  ',',  '18-valles',  ',',  '18.7962952546',  ',',  '27.5542265046',  ',27.3401773148') 
 ('electroquimica',  ',',  'electroquimica',  ',',  '06-noreste',  ',',  '18-valles',  ',',  '16.3101468171',  ',',  '24.8987528356',  ',25.5351279514') 
 ('electroquimica',  ',',  'electroquimica',  ',',  '06-noreste',  ',',  '18-valles',  ',',  '14.2863326389',  ',',  '26.2301242477',  ',22.1739451968') 
 ('electroquimica',  ',',  'electroquimica',  ',',  '06-noreste',  ',',  '18-valles',  ',',  '9.44645347222',  ',',  '28.0629177662',  ',27.7872627894') 
 ('electroquimica',  ',',  'electroquimica',  ',',  '06-noreste',  ',',  '18-valles',  ',',  '9.06557928241',  ',',  '18.1668776042',  ',28.1779990162') 
 ('electroquimica',  ',',  'electroquimica',  ',',  '06-noreste',  ',',  '18-valles',  ',',  '3.70051979167',  ',',  '5.79753200231',  ',31.5193735532') 
 ('electroquimica',  ',',  'electroquimica',  ',',  '06-noreste',  ',',  '18-valles',  ',',  '3.84728373843',  ',',  '9.95292008102',  ',26.0427219329') 
 ('electroquimica',  ',',  'electroquimica',  ',',  '06-noreste',  ',',  '18-valles',  ',',  '0.0',  ',',  '10.4392573495',  ',22.7923391782') 
 ('falcon',  ',',  'falcon',  ',',  '06-noreste',  ',',  '13-nuevo_laredo',  ',',  '5.31717355324',  ',',  '21.9516347801',  ',29.9868489005') 
 ('falcon',  ',',  'falcon',  ',',  '06-noreste',  ',',  '13-nuevo_laredo',  ',',  '8.35831689815',  ',',  '24.6396703704',  ',28.0685304398') 
 ('falcon',  ',',  'falcon',  ',',  '06-noreste',  ',',  '13-nuevo_laredo',  ',',  '10.0524397569',  ',',  '30.1161506366',  ',28.9582074074') 
 ('falcon',  ',',  'falcon',  ',',  '06-noreste',  ',',  '13-nuevo_laredo',  ',',  '11.8623338542',  ',',  '28.3448371528',  ',25.2933563079') 
 ('falcon',  ',',  'falcon',  ',',  '06-noreste',  ',',  '13-nuevo_laredo',  ',',  '14.0350506366',  ',',  '27.4327619213',  ',24.0138119792') 
 ('falcon',  ',',  'falcon',  ',',  '06-noreste',  ',',  '13-nuevo_laredo',  ',',  '12.5183438079',  ',',  '25.9670606481',  ',31.4355299769') 
 ('falcon',  ',',  'falcon',  ',',  '06-noreste',  ',',  '13-nuevo_laredo',  ',',  '14.1512666667',  ',',  '22.5469578704',  ',40.7355182292') 
 ('falcon',  ',',  'falcon',  ',',  '06-noreste',  ',',  '13-nuevo_laredo',  ',',  '16.588978125',  ',',  '21.2642616898',  ',27.576927662') 
 ('falcon',  ',',  'falcon',  ',',  '06-noreste',  ',',  '13-nuevo_laredo',  ',',  '18.6768409144',  ',',  '23.245420544',  ',10.0953512731') 
 ('falcon',  ',',  'falcon',  ',',  '06-noreste',  ',',  '13-nuevo_laredo',  ',',  '23.2751915509',  ',',  '16.1340649306',  ',7.25627077546') 
 ('falcon',  ',',  'falcon',  ',',  '06-noreste',  ',',  '13-nuevo_laredo',  ',',  '12.9500420139',  ',',  '15.1915818287',  ',12.3868145833') 
 ('falcon',  ',',  'falcon',  ',',  '06-noreste',  ',',  '13-nuevo_laredo',  ',',  '17.1814197917',  ',',  '10.3075746528',  ',22.0455464699') 
 ('huites',  ',',  'huites',  ',',  '04-noroeste',  ',',  '03-obregon',  ',',  '13.3728354745',  ',',  '21.9516347801',  ',14.8740394097') 
 ('huites',  ',',  'huites',  ',',  '04-noroeste',  ',',  '03-obregon',  ',',  '11.5541417245',  ',',  '24.6396703704',  ',13.9480573495') 
 ('huites',  ',',  'huites',  ',',  '04-noroeste',  ',',  '03-obregon',  ',',  '17.2523601852',  ',',  '30.1161506366',  ',16.9741467014') 
 ('huites',  ',',  'huites',  ',',  '04-noroeste',  ',',  '03-obregon',  ',',  '20.6050243056',  ',',  '28.3448371528',  ',28.0113541088') 
 ('huites',  ',',  'huites',  ',',  '04-noroeste',  ',',  '03-obregon',  ',',  '22.3624737269',  ',',  '27.4327619213',  ',27.3401773148') 
 ('huites',  ',',  'huites',  ',',  '04-noroeste',  ',',  '03-obregon',  ',',  '21.8815905671',  ',',  '25.9670606481',  ',25.5351279514') 
 ('huites',  ',',  'huites',  ',',  '04-noroeste',  ',',  '03-obregon',  ',',  '22.6061222801',  ',',  '22.5469578704',  ',22.1739451968') 
 ('huites',  ',',  'huites',  ',',  '04-noroeste',  ',',  '03-obregon',  ',',  '15.7400005208',  ',',  '21.2642616898',  ',27.7872627894') 
 ('huites',  ',',  'huites',  ',',  '04-noroeste',  ',',  '03-obregon',  ',',  '10.7803710648',  ',',  '23.245420544',  ',28.1779990162') 
 ('huites',  ',',  'huites',  ',',  '04-noroeste',  ',',  '03-obregon',  ',',  '9.66221498843',  ',',  '16.1340649306',  ',31.5193735532') 
 ('huites',  ',',  'huites',  ',',  '04-noroeste',  ',',  '03-obregon',  ',',  '4.41218483796',  ',',  '15.1915818287',  ',26.0427219329') 
 ('huites',  ',',  'huites',  ',',  '04-noroeste',  ',',  '03-obregon',  ',',  '8.05122048611',  ',',  '10.3075746528',  ',22.7923391782') 
 ('humaya',  ',',  'humaya',  ',',  '04-noroeste',  ',',  '05-culiacan',  ',',  '13.3728354745',  ',',  '21.9516347801',  ',7.11486440972') 
 ('humaya',  ',',  'humaya',  ',',  '04-noroeste',  ',',  '05-culiacan',  ',',  '11.5541417245',  ',',  '24.6396703704',  ',7.63164959491') 
 ('humaya',  ',',  'humaya',  ',',  '04-noroeste',  ',',  '05-culiacan',  ',',  '17.2523601852',  ',',  '30.1161506366',  ',9.22595665509') 
 ('humaya',  ',',  'humaya',  ',',  '04-noroeste',  ',',  '05-culiacan',  ',',  '20.6050243056',  ',',  '28.3448371528',  ',8.97153148148') 
 ('humaya',  ',',  'humaya',  ',',  '04-noroeste',  ',',  '05-culiacan',  ',',  '22.3624737269',  ',',  '27.4327619213',  ',12.3401364005') 
 ('humaya',  ',',  'humaya',  ',',  '04-noroeste',  ',',  '05-culiacan',  ',',  '21.8815905671',  ',',  '25.9670606481',  ',14.3825916667') 
 ('humaya',  ',',  'humaya',  ',',  '04-noroeste',  ',',  '05-culiacan',  ',',  '22.6061222801',  ',',  '22.5469578704',  ',25.2234018519') 
 ('humaya',  ',',  'humaya',  ',',  '04-noroeste',  ',',  '05-culiacan',  ',',  '15.7400005208',  ',',  '21.2642616898',  ',28.3561598958') 
 ('humaya',  ',',  'humaya',  ',',  '04-noroeste',  ',',  '05-culiacan',  ',',  '10.7803710648',  ',',  '23.245420544',  ',40.7803442708') 
 ('humaya',  ',',  'humaya',  ',',  '04-noroeste',  ',',  '05-culiacan',  ',',  '9.66221498843',  ',',  '16.1340649306',  ',43.8663931713') 
 ('humaya',  ',',  'humaya',  ',',  '04-noroeste',  ',',  '05-culiacan',  ',',  '4.41218483796',  ',',  '15.1915818287',  ',30.8826957755') 
 ('humaya',  ',',  'humaya',  ',',  '04-noroeste',  ',',  '05-culiacan',  ',',  '8.05122048611',  ',',  '10.3075746528',  ',12.553998669') 
 ('infernillo',  ',',  'infiernillo',  ',',  '03-occidental',  ',',  '29-lazaro_cardenas',  ',',  '13.3728354745',  ',',  '21.9516347801',  ',29.9868489005') 
 ('infernillo',  ',',  'infiernillo',  ',',  '03-occidental',  ',',  '29-lazaro_cardenas',  ',',  '11.5541417245',  ',',  '24.6396703704',  ',28.0685304398') 
 ('infernillo',  ',',  'infiernillo',  ',',  '03-occidental',  ',',  '29-lazaro_cardenas',  ',',  '17.2523601852',  ',',  '30.1161506366',  ',28.9582074074') 
 ('infernillo',  ',',  'infiernillo',  ',',  '03-occidental',  ',',  '29-lazaro_cardenas',  ',',  '20.6050243056',  ',',  '28.3448371528',  ',25.2933563079') 
 ('infernillo',  ',',  'infiernillo',  ',',  '03-occidental',  ',',  '29-lazaro_cardenas',  ',',  '22.3624737269',  ',',  '27.4327619213',  ',24.0138119792') 
 ('infernillo',  ',',  'infiernillo',  ',',  '03-occidental',  ',',  '29-lazaro_cardenas',  ',',  '21.8815905671',  ',',  '25.9670606481',  ',31.4355299769') 
 ('infernillo',  ',',  'infiernillo',  ',',  '03-occidental',  ',',  '29-lazaro_cardenas',  ',',  '22.6061222801',  ',',  '22.5469578704',  ',40.7355182292') 
 ('infernillo',  ',',  'infiernillo',  ',',  '03-occidental',  ',',  '29-lazaro_cardenas',  ',',  '15.7400005208',  ',',  '21.2642616898',  ',27.576927662') 
 ('infernillo',  ',',  'infiernillo',  ',',  '03-occidental',  ',',  '29-lazaro_cardenas',  ',',  '10.7803710648',  ',',  '23.245420544',  ',10.0953512731') 
 ('infernillo',  ',',  'infiernillo',  ',',  '03-occidental',  ',',  '29-lazaro_cardenas',  ',',  '9.66221498843',  ',',  '16.1340649306',  ',7.25627077546') 
 ('infernillo',  ',',  'infiernillo',  ',',  '03-occidental',  ',',  '29-lazaro_cardenas',  ',',  '4.41218483796',  ',',  '15.1915818287',  ',12.3868145833') 
 ('infernillo',  ',',  'infiernillo',  ',',  '03-occidental',  ',',  '29-lazaro_cardenas',  ',',  '8.05122048611',  ',',  '10.3075746528',  ',22.0455464699') 
 ('itzicuaro',  ',',  'itzicuaro',  ',',  '03-occidental',  ',',  '28-carapan',  ',',  '13.3728354745',  ',',  '16.6120008102',  ',14.8740394097') 
 ('itzicuaro',  ',',  'itzicuaro',  ',',  '03-occidental',  ',',  '28-carapan',  ',',  '11.5541417245',  ',',  '19.3433318287',  ',13.9480573495') 
 ('itzicuaro',  ',',  'itzicuaro',  ',',  '03-occidental',  ',',  '28-carapan',  ',',  '17.2523601852',  ',',  '26.4056828125',  ',16.9741467014') 
 ('itzicuaro',  ',',  'itzicuaro',  ',',  '03-occidental',  ',',  '28-carapan',  ',',  '20.6050243056',  ',',  '26.159668287',  ',28.0113541088') 
 ('itzicuaro',  ',',  'itzicuaro',  ',',  '03-occidental',  ',',  '28-carapan',  ',',  '22.3624737269',  ',',  '27.5542265046',  ',27.3401773148') 
 ('itzicuaro',  ',',  'itzicuaro',  ',',  '03-occidental',  ',',  '28-carapan',  ',',  '21.8815905671',  ',',  '24.8987528356',  ',25.5351279514') 
 ('itzicuaro',  ',',  'itzicuaro',  ',',  '03-occidental',  ',',  '28-carapan',  ',',  '22.6061222801',  ',',  '26.2301242477',  ',22.1739451968') 
 ('itzicuaro',  ',',  'itzicuaro',  ',',  '03-occidental',  ',',  '28-carapan',  ',',  '15.7400005208',  ',',  '28.0629177662',  ',27.7872627894') 
 ('itzicuaro',  ',',  'itzicuaro',  ',',  '03-occidental',  ',',  '28-carapan',  ',',  '10.7803710648',  ',',  '18.1668776042',  ',28.1779990162') 
 ('itzicuaro',  ',',  'itzicuaro',  ',',  '03-occidental',  ',',  '28-carapan',  ',',  '9.66221498843',  ',',  '5.79753200231',  ',31.5193735532') 
 ('itzicuaro',  ',',  'itzicuaro',  ',',  '03-occidental',  ',',  '28-carapan',  ',',  '4.41218483796',  ',',  '9.95292008102',  ',26.0427219329') 
 ('itzicuaro',  ',',  'itzicuaro',  ',',  '03-occidental',  ',',  '28-carapan',  ',',  '8.05122048611',  ',',  '10.4392573495',  ',22.7923391782') 
 ('ixtaczoquitlan',  ',',  'ixtaczoquitlan',  ',',  '02-oriental',  ',',  '36-temascal',  ',',  '13.3728354745',  ',',  '12.0537825231',  ',8.52677540509') 
 ('ixtaczoquitlan',  ',',  'ixtaczoquitlan',  ',',  '02-oriental',  ',',  '36-temascal',  ',',  '11.5541417245',  ',',  '19.5076699653',  ',1.434171875') 
 ('ixtaczoquitlan',  ',',  'ixtaczoquitlan',  ',',  '02-oriental',  ',',  '36-temascal',  ',',  '17.2523601852',  ',',  '18.2001855324',  ',27.9481141782') 
 ('ixtaczoquitlan',  ',',  'ixtaczoquitlan',  ',',  '02-oriental',  ',',  '36-temascal',  ',',  '20.6050243056',  ',',  '25.3011363426',  ',38.4137177662') 
 ('ixtaczoquitlan',  ',',  'ixtaczoquitlan',  ',',  '02-oriental',  ',',  '36-temascal',  ',',  '22.3624737269',  ',',  '27.8598996528',  ',37.7223927662') 
 ('ixtaczoquitlan',  ',',  'ixtaczoquitlan',  ',',  '02-oriental',  ',',  '36-temascal',  ',',  '21.8815905671',  ',',  '25.9714655093',  ',25.4270568287') 
 ('ixtaczoquitlan',  ',',  'ixtaczoquitlan',  ',',  '02-oriental',  ',',  '36-temascal',  ',',  '22.6061222801',  ',',  '18.5602298611',  ',32.7268191551') 
 ('ixtaczoquitlan',  ',',  'ixtaczoquitlan',  ',',  '02-oriental',  ',',  '36-temascal',  ',',  '15.7400005208',  ',',  '12.4581427662',  ',37.1753230324') 
 ('ixtaczoquitlan',  ',',  'ixtaczoquitlan',  ',',  '02-oriental',  ',',  '36-temascal',  ',',  '10.7803710648',  ',',  '7.47804479167',  ',18.336346412') 
 ('ixtaczoquitlan',  ',',  'ixtaczoquitlan',  ',',  '02-oriental',  ',',  '36-temascal',  ',',  '9.66221498843',  ',',  '4.81314085648',  ',18.6613815394') 
 ('ixtaczoquitlan',  ',',  'ixtaczoquitlan',  ',',  '02-oriental',  ',',  '36-temascal',  ',',  '4.41218483796',  ',',  '6.01550949074',  ',18.2061802083') 
 ('ixtaczoquitlan',  ',',  'ixtaczoquitlan',  ',',  '02-oriental',  ',',  '36-temascal',  ',',  '8.05122048611',  ',',  '4.51311030093',  ',18.1652409722') 
 ('jumatan',  ',',  'jumatan',  ',',  '03-occidental',  ',',  '22-tepic',  ',',  '5.31717355324',  ',',  '12.0537825231',  ',29.9868489005') 
 ('jumatan',  ',',  'jumatan',  ',',  '03-occidental',  ',',  '22-tepic',  ',',  '8.35831689815',  ',',  '19.5076699653',  ',28.0685304398') 
 ('jumatan',  ',',  'jumatan',  ',',  '03-occidental',  ',',  '22-tepic',  ',',  '10.0524397569',  ',',  '18.2001855324',  ',28.9582074074') 
 ('jumatan',  ',',  'jumatan',  ',',  '03-occidental',  ',',  '22-tepic',  ',',  '11.8623338542',  ',',  '25.3011363426',  ',25.2933563079') 
 ('jumatan',  ',',  'jumatan',  ',',  '03-occidental',  ',',  '22-tepic',  ',',  '14.0350506366',  ',',  '27.8598996528',  ',24.0138119792') 
 ('jumatan',  ',',  'jumatan',  ',',  '03-occidental',  ',',  '22-tepic',  ',',  '12.5183438079',  ',',  '25.9714655093',  ',31.4355299769') 
 ('jumatan',  ',',  'jumatan',  ',',  '03-occidental',  ',',  '22-tepic',  ',',  '14.1512666667',  ',',  '18.5602298611',  ',40.7355182292') 
 ('jumatan',  ',',  'jumatan',  ',',  '03-occidental',  ',',  '22-tepic',  ',',  '16.588978125',  ',',  '12.4581427662',  ',27.576927662') 
 ('jumatan',  ',',  'jumatan',  ',',  '03-occidental',  ',',  '22-tepic',  ',',  '18.6768409144',  ',',  '7.47804479167',  ',10.0953512731') 
 ('jumatan',  ',',  'jumatan',  ',',  '03-occidental',  ',',  '22-tepic',  ',',  '23.2751915509',  ',',  '4.81314085648',  ',7.25627077546') 
 ('jumatan',  ',',  'jumatan',  ',',  '03-occidental',  ',',  '22-tepic',  ',',  '12.9500420139',  ',',  '6.01550949074',  ',12.3868145833') 
 ('jumatan',  ',',  'jumatan',  ',',  '03-occidental',  ',',  '22-tepic',  ',',  '17.1814197917',  ',',  '4.51311030093',  ',22.0455464699') 
 ('la_amistad',  ',',  'la_amistad',  ',',  '06-noreste',  ',',  '12-rio_escondido',  ',',  '9.09273599537',  ',',  '21.9516347801',  ',14.8740394097') 
 ('la_amistad',  ',',  'la_amistad',  ',',  '06-noreste',  ',',  '12-rio_escondido',  ',',  '17.9930168403',  ',',  '24.6396703704',  ',13.9480573495') 
 ('la_amistad',  ',',  'la_amistad',  ',',  '06-noreste',  ',',  '12-rio_escondido',  ',',  '17.1652141782',  ',',  '30.1161506366',  ',16.9741467014') 
 ('la_amistad',  ',',  'la_amistad',  ',',  '06-noreste',  ',',  '12-rio_escondido',  ',',  '17.3185957755',  ',',  '28.3448371528',  ',28.0113541088') 
 ('la_amistad',  ',',  'la_amistad',  ',',  '06-noreste',  ',',  '12-rio_escondido',  ',',  '18.7962952546',  ',',  '27.4327619213',  ',27.3401773148') 
 ('la_amistad',  ',',  'la_amistad',  ',',  '06-noreste',  ',',  '12-rio_escondido',  ',',  '16.3101468171',  ',',  '25.9670606481',  ',25.5351279514') 
 ('la_amistad',  ',',  'la_amistad',  ',',  '06-noreste',  ',',  '12-rio_escondido',  ',',  '14.2863326389',  ',',  '22.5469578704',  ',22.1739451968') 
 ('la_amistad',  ',',  'la_amistad',  ',',  '06-noreste',  ',',  '12-rio_escondido',  ',',  '9.44645347222',  ',',  '21.2642616898',  ',27.7872627894') 
 ('la_amistad',  ',',  'la_amistad',  ',',  '06-noreste',  ',',  '12-rio_escondido',  ',',  '9.06557928241',  ',',  '23.245420544',  ',28.1779990162') 
 ('la_amistad',  ',',  'la_amistad',  ',',  '06-noreste',  ',',  '12-rio_escondido',  ',',  '3.70051979167',  ',',  '16.1340649306',  ',31.5193735532') 
 ('la_amistad',  ',',  'la_amistad',  ',',  '06-noreste',  ',',  '12-rio_escondido',  ',',  '3.84728373843',  ',',  '15.1915818287',  ',26.0427219329') 
 ('la_amistad',  ',',  'la_amistad',  ',',  '06-noreste',  ',',  '12-rio_escondido',  ',',  '0.0',  ',',  '10.3075746528',  ',22.7923391782') 
 ('la_villita',  ',',  'villita',  ',',  '03-occidental',  ',',  '29-lazaro_cardenas',  ',',  '5.31717355324',  ',',  '21.9516347801',  ',7.11486440972') 
 ('la_villita',  ',',  'villita',  ',',  '03-occidental',  ',',  '29-lazaro_cardenas',  ',',  '8.35831689815',  ',',  '24.6396703704',  ',7.63164959491') 
 ('la_villita',  ',',  'villita',  ',',  '03-occidental',  ',',  '29-lazaro_cardenas',  ',',  '10.0524397569',  ',',  '30.1161506366',  ',9.22595665509') 
 ('la_villita',  ',',  'villita',  ',',  '03-occidental',  ',',  '29-lazaro_cardenas',  ',',  '11.8623338542',  ',',  '28.3448371528',  ',8.97153148148') 
 ('la_villita',  ',',  'villita',  ',',  '03-occidental',  ',',  '29-lazaro_cardenas',  ',',  '14.0350506366',  ',',  '27.4327619213',  ',12.3401364005') 
 ('la_villita',  ',',  'villita',  ',',  '03-occidental',  ',',  '29-lazaro_cardenas',  ',',  '12.5183438079',  ',',  '25.9670606481',  ',14.3825916667') 
 ('la_villita',  ',',  'villita',  ',',  '03-occidental',  ',',  '29-lazaro_cardenas',  ',',  '14.1512666667',  ',',  '22.5469578704',  ',25.2234018519') 
 ('la_villita',  ',',  'villita',  ',',  '03-occidental',  ',',  '29-lazaro_cardenas',  ',',  '16.588978125',  ',',  '21.2642616898',  ',28.3561598958') 
 ('la_villita',  ',',  'villita',  ',',  '03-occidental',  ',',  '29-lazaro_cardenas',  ',',  '18.6768409144',  ',',  '23.245420544',  ',40.7803442708') 
 ('la_villita',  ',',  'villita',  ',',  '03-occidental',  ',',  '29-lazaro_cardenas',  ',',  '23.2751915509',  ',',  '16.1340649306',  ',43.8663931713') 
 ('la_villita',  ',',  'villita',  ',',  '03-occidental',  ',',  '29-lazaro_cardenas',  ',',  '12.9500420139',  ',',  '15.1915818287',  ',30.8826957755') 
 ('la_villita',  ',',  'villita',  ',',  '03-occidental',  ',',  '29-lazaro_cardenas',  ',',  '17.1814197917',  ',',  '10.3075746528',  ',12.553998669') 
 ('la_yesca',  ',',  'la_yesca',  ',',  '03-occidental',  ',',  '23-guadalajara',  ',',  '9.09273599537',  ',',  '12.0537825231',  ',7.11486440972') 
 ('la_yesca',  ',',  'la_yesca',  ',',  '03-occidental',  ',',  '23-guadalajara',  ',',  '17.9930168403',  ',',  '19.5076699653',  ',7.63164959491') 
 ('la_yesca',  ',',  'la_yesca',  ',',  '03-occidental',  ',',  '23-guadalajara',  ',',  '17.1652141782',  ',',  '18.2001855324',  ',9.22595665509') 
 ('la_yesca',  ',',  'la_yesca',  ',',  '03-occidental',  ',',  '23-guadalajara',  ',',  '17.3185957755',  ',',  '25.3011363426',  ',8.97153148148') 
 ('la_yesca',  ',',  'la_yesca',  ',',  '03-occidental',  ',',  '23-guadalajara',  ',',  '18.7962952546',  ',',  '27.8598996528',  ',12.3401364005') 
 ('la_yesca',  ',',  'la_yesca',  ',',  '03-occidental',  ',',  '23-guadalajara',  ',',  '16.3101468171',  ',',  '25.9714655093',  ',14.3825916667') 
 ('la_yesca',  ',',  'la_yesca',  ',',  '03-occidental',  ',',  '23-guadalajara',  ',',  '14.2863326389',  ',',  '18.5602298611',  ',25.2234018519') 
 ('la_yesca',  ',',  'la_yesca',  ',',  '03-occidental',  ',',  '23-guadalajara',  ',',  '9.44645347222',  ',',  '12.4581427662',  ',28.3561598958') 
 ('la_yesca',  ',',  'la_yesca',  ',',  '03-occidental',  ',',  '23-guadalajara',  ',',  '9.06557928241',  ',',  '7.47804479167',  ',40.7803442708') 
 ('la_yesca',  ',',  'la_yesca',  ',',  '03-occidental',  ',',  '23-guadalajara',  ',',  '3.70051979167',  ',',  '4.81314085648',  ',43.8663931713') 
 ('la_yesca',  ',',  'la_yesca',  ',',  '03-occidental',  ',',  '23-guadalajara',  ',',  '3.84728373843',  ',',  '6.01550949074',  ',30.8826957755') 
 ('la_yesca',  ',',  'la_yesca',  ',',  '03-occidental',  ',',  '23-guadalajara',  ',',  '0.0',  ',',  '4.51311030093',  ',12.553998669') 
 ('las_minas',  ',',  'minas',  ',',  '02-oriental',  ',',  '36-temascal',  ',',  '9.09273599537',  ',',  '21.9516347801',  ',29.9868489005') 
 ('las_minas',  ',',  'minas',  ',',  '02-oriental',  ',',  '36-temascal',  ',',  '17.9930168403',  ',',  '24.6396703704',  ',28.0685304398') 
 ('las_minas',  ',',  'minas',  ',',  '02-oriental',  ',',  '36-temascal',  ',',  '17.1652141782',  ',',  '30.1161506366',  ',28.9582074074') 
 ('las_minas',  ',',  'minas',  ',',  '02-oriental',  ',',  '36-temascal',  ',',  '17.3185957755',  ',',  '28.3448371528',  ',25.2933563079') 
 ('las_minas',  ',',  'minas',  ',',  '02-oriental',  ',',  '36-temascal',  ',',  '18.7962952546',  ',',  '27.4327619213',  ',24.0138119792') 
 ('las_minas',  ',',  'minas',  ',',  '02-oriental',  ',',  '36-temascal',  ',',  '16.3101468171',  ',',  '25.9670606481',  ',31.4355299769') 
 ('las_minas',  ',',  'minas',  ',',  '02-oriental',  ',',  '36-temascal',  ',',  '14.2863326389',  ',',  '22.5469578704',  ',40.7355182292') 
 ('las_minas',  ',',  'minas',  ',',  '02-oriental',  ',',  '36-temascal',  ',',  '9.44645347222',  ',',  '21.2642616898',  ',27.576927662') 
 ('las_minas',  ',',  'minas',  ',',  '02-oriental',  ',',  '36-temascal',  ',',  '9.06557928241',  ',',  '23.245420544',  ',10.0953512731') 
 ('las_minas',  ',',  'minas',  ',',  '02-oriental',  ',',  '36-temascal',  ',',  '3.70051979167',  ',',  '16.1340649306',  ',7.25627077546') 
 ('las_minas',  ',',  'minas',  ',',  '02-oriental',  ',',  '36-temascal',  ',',  '3.84728373843',  ',',  '15.1915818287',  ',12.3868145833') 
 ('las_minas',  ',',  'minas',  ',',  '02-oriental',  ',',  '36-temascal',  ',',  '0.0',  ',',  '10.3075746528',  ',22.0455464699') 
 ('macuzari',  ',',  'mocuzari',  ',',  '04-noroeste',  ',',  '03-obregon',  ',',  '13.3728354745',  ',',  '21.9516347801',  ',29.9868489005') 
 ('macuzari',  ',',  'mocuzari',  ',',  '04-noroeste',  ',',  '03-obregon',  ',',  '11.5541417245',  ',',  '24.6396703704',  ',28.0685304398') 
 ('macuzari',  ',',  'mocuzari',  ',',  '04-noroeste',  ',',  '03-obregon',  ',',  '17.2523601852',  ',',  '30.1161506366',  ',28.9582074074') 
 ('macuzari',  ',',  'mocuzari',  ',',  '04-noroeste',  ',',  '03-obregon',  ',',  '20.6050243056',  ',',  '28.3448371528',  ',25.2933563079') 
 ('macuzari',  ',',  'mocuzari',  ',',  '04-noroeste',  ',',  '03-obregon',  ',',  '22.3624737269',  ',',  '27.4327619213',  ',24.0138119792') 
 ('macuzari',  ',',  'mocuzari',  ',',  '04-noroeste',  ',',  '03-obregon',  ',',  '21.8815905671',  ',',  '25.9670606481',  ',31.4355299769') 
 ('macuzari',  ',',  'mocuzari',  ',',  '04-noroeste',  ',',  '03-obregon',  ',',  '22.6061222801',  ',',  '22.5469578704',  ',40.7355182292') 
 ('macuzari',  ',',  'mocuzari',  ',',  '04-noroeste',  ',',  '03-obregon',  ',',  '15.7400005208',  ',',  '21.2642616898',  ',27.576927662') 
 ('macuzari',  ',',  'mocuzari',  ',',  '04-noroeste',  ',',  '03-obregon',  ',',  '10.7803710648',  ',',  '23.245420544',  ',10.0953512731') 
 ('macuzari',  ',',  'mocuzari',  ',',  '04-noroeste',  ',',  '03-obregon',  ',',  '9.66221498843',  ',',  '16.1340649306',  ',7.25627077546') 
 ('macuzari',  ',',  'mocuzari',  ',',  '04-noroeste',  ',',  '03-obregon',  ',',  '4.41218483796',  ',',  '15.1915818287',  ',12.3868145833') 
 ('macuzari',  ',',  'mocuzari',  ',',  '04-noroeste',  ',',  '03-obregon',  ',',  '8.05122048611',  ',',  '10.3075746528',  ',22.0455464699') 
 ('malpaso',  ',',  'malpaso',  ',',  '02-oriental',  ',',  '39-grijalva',  ',',  '9.09273599537',  ',',  '16.6120008102',  ',8.52677540509') 
 ('malpaso',  ',',  'malpaso',  ',',  '02-oriental',  ',',  '39-grijalva',  ',',  '17.9930168403',  ',',  '19.3433318287',  ',1.434171875') 
 ('malpaso',  ',',  'malpaso',  ',',  '02-oriental',  ',',  '39-grijalva',  ',',  '17.1652141782',  ',',  '26.4056828125',  ',27.9481141782') 
 ('malpaso',  ',',  'malpaso',  ',',  '02-oriental',  ',',  '39-grijalva',  ',',  '17.3185957755',  ',',  '26.159668287',  ',38.4137177662') 
 ('malpaso',  ',',  'malpaso',  ',',  '02-oriental',  ',',  '39-grijalva',  ',',  '18.7962952546',  ',',  '27.5542265046',  ',37.7223927662') 
 ('malpaso',  ',',  'malpaso',  ',',  '02-oriental',  ',',  '39-grijalva',  ',',  '16.3101468171',  ',',  '24.8987528356',  ',25.4270568287') 
 ('malpaso',  ',',  'malpaso',  ',',  '02-oriental',  ',',  '39-grijalva',  ',',  '14.2863326389',  ',',  '26.2301242477',  ',32.7268191551') 
 ('malpaso',  ',',  'malpaso',  ',',  '02-oriental',  ',',  '39-grijalva',  ',',  '9.44645347222',  ',',  '28.0629177662',  ',37.1753230324') 
 ('malpaso',  ',',  'malpaso',  ',',  '02-oriental',  ',',  '39-grijalva',  ',',  '9.06557928241',  ',',  '18.1668776042',  ',18.336346412') 
 ('malpaso',  ',',  'malpaso',  ',',  '02-oriental',  ',',  '39-grijalva',  ',',  '3.70051979167',  ',',  '5.79753200231',  ',18.6613815394') 
 ('malpaso',  ',',  'malpaso',  ',',  '02-oriental',  ',',  '39-grijalva',  ',',  '3.84728373843',  ',',  '9.95292008102',  ',18.2061802083') 
 ('malpaso',  ',',  'malpaso',  ',',  '02-oriental',  ',',  '39-grijalva',  ',',  '0.0',  ',',  '10.4392573495',  ',18.1652409722') 
 ('mazatepec',  ',',  'mazatepec',  ',',  '02-oriental',  ',',  '32-poza_rica',  ',',  '13.3728354745',  ',',  '16.6120008102',  ',7.11486440972') 
 ('mazatepec',  ',',  'mazatepec',  ',',  '02-oriental',  ',',  '32-poza_rica',  ',',  '11.5541417245',  ',',  '19.3433318287',  ',7.63164959491') 
 ('mazatepec',  ',',  'mazatepec',  ',',  '02-oriental',  ',',  '32-poza_rica',  ',',  '17.2523601852',  ',',  '26.4056828125',  ',9.22595665509') 
 ('mazatepec',  ',',  'mazatepec',  ',',  '02-oriental',  ',',  '32-poza_rica',  ',',  '20.6050243056',  ',',  '26.159668287',  ',8.97153148148') 
 ('mazatepec',  ',',  'mazatepec',  ',',  '02-oriental',  ',',  '32-poza_rica',  ',',  '22.3624737269',  ',',  '27.5542265046',  ',12.3401364005') 
 ('mazatepec',  ',',  'mazatepec',  ',',  '02-oriental',  ',',  '32-poza_rica',  ',',  '21.8815905671',  ',',  '24.8987528356',  ',14.3825916667') 
 ('mazatepec',  ',',  'mazatepec',  ',',  '02-oriental',  ',',  '32-poza_rica',  ',',  '22.6061222801',  ',',  '26.2301242477',  ',25.2234018519') 
 ('mazatepec',  ',',  'mazatepec',  ',',  '02-oriental',  ',',  '32-poza_rica',  ',',  '15.7400005208',  ',',  '28.0629177662',  ',28.3561598958') 
 ('mazatepec',  ',',  'mazatepec',  ',',  '02-oriental',  ',',  '32-poza_rica',  ',',  '10.7803710648',  ',',  '18.1668776042',  ',40.7803442708') 
 ('mazatepec',  ',',  'mazatepec',  ',',  '02-oriental',  ',',  '32-poza_rica',  ',',  '9.66221498843',  ',',  '5.79753200231',  ',43.8663931713') 
 ('mazatepec',  ',',  'mazatepec',  ',',  '02-oriental',  ',',  '32-poza_rica',  ',',  '4.41218483796',  ',',  '9.95292008102',  ',30.8826957755') 
 ('mazatepec',  ',',  'mazatepec',  ',',  '02-oriental',  ',',  '32-poza_rica',  ',',  '8.05122048611',  ',',  '10.4392573495',  ',12.553998669') 
 ('micos',  ',',  'micos',  ',',  '06-noreste',  ',',  '18-valles',  ',',  '13.3728354745',  ',',  '16.6120008102',  ',29.9868489005') 
 ('micos',  ',',  'micos',  ',',  '06-noreste',  ',',  '18-valles',  ',',  '11.5541417245',  ',',  '19.3433318287',  ',28.0685304398') 
 ('micos',  ',',  'micos',  ',',  '06-noreste',  ',',  '18-valles',  ',',  '17.2523601852',  ',',  '26.4056828125',  ',28.9582074074') 
 ('micos',  ',',  'micos',  ',',  '06-noreste',  ',',  '18-valles',  ',',  '20.6050243056',  ',',  '26.159668287',  ',25.2933563079') 
 ('micos',  ',',  'micos',  ',',  '06-noreste',  ',',  '18-valles',  ',',  '22.3624737269',  ',',  '27.5542265046',  ',24.0138119792') 
 ('micos',  ',',  'micos',  ',',  '06-noreste',  ',',  '18-valles',  ',',  '21.8815905671',  ',',  '24.8987528356',  ',31.4355299769') 
 ('micos',  ',',  'micos',  ',',  '06-noreste',  ',',  '18-valles',  ',',  '22.6061222801',  ',',  '26.2301242477',  ',40.7355182292') 
 ('micos',  ',',  'micos',  ',',  '06-noreste',  ',',  '18-valles',  ',',  '15.7400005208',  ',',  '28.0629177662',  ',27.576927662') 
 ('micos',  ',',  'micos',  ',',  '06-noreste',  ',',  '18-valles',  ',',  '10.7803710648',  ',',  '18.1668776042',  ',10.0953512731') 
 ('micos',  ',',  'micos',  ',',  '06-noreste',  ',',  '18-valles',  ',',  '9.66221498843',  ',',  '5.79753200231',  ',7.25627077546') 
 ('micos',  ',',  'micos',  ',',  '06-noreste',  ',',  '18-valles',  ',',  '4.41218483796',  ',',  '9.95292008102',  ',12.3868145833') 
 ('micos',  ',',  'micos',  ',',  '06-noreste',  ',',  '18-valles',  ',',  '8.05122048611',  ',',  '10.4392573495',  ',22.0455464699') 
 ('oviachic',  ',',  'oviachic',  ',',  '04-noroeste',  ',',  '03-obregon',  ',',  '13.3728354745',  ',',  '12.0537825231',  ',7.11486440972') 
 ('oviachic',  ',',  'oviachic',  ',',  '04-noroeste',  ',',  '03-obregon',  ',',  '11.5541417245',  ',',  '19.5076699653',  ',7.63164959491') 
 ('oviachic',  ',',  'oviachic',  ',',  '04-noroeste',  ',',  '03-obregon',  ',',  '17.2523601852',  ',',  '18.2001855324',  ',9.22595665509') 
 ('oviachic',  ',',  'oviachic',  ',',  '04-noroeste',  ',',  '03-obregon',  ',',  '20.6050243056',  ',',  '25.3011363426',  ',8.97153148148') 
 ('oviachic',  ',',  'oviachic',  ',',  '04-noroeste',  ',',  '03-obregon',  ',',  '22.3624737269',  ',',  '27.8598996528',  ',12.3401364005') 
 ('oviachic',  ',',  'oviachic',  ',',  '04-noroeste',  ',',  '03-obregon',  ',',  '21.8815905671',  ',',  '25.9714655093',  ',14.3825916667') 
 ('oviachic',  ',',  'oviachic',  ',',  '04-noroeste',  ',',  '03-obregon',  ',',  '22.6061222801',  ',',  '18.5602298611',  ',25.2234018519') 
 ('oviachic',  ',',  'oviachic',  ',',  '04-noroeste',  ',',  '03-obregon',  ',',  '15.7400005208',  ',',  '12.4581427662',  ',28.3561598958') 
 ('oviachic',  ',',  'oviachic',  ',',  '04-noroeste',  ',',  '03-obregon',  ',',  '10.7803710648',  ',',  '7.47804479167',  ',40.7803442708') 
 ('oviachic',  ',',  'oviachic',  ',',  '04-noroeste',  ',',  '03-obregon',  ',',  '9.66221498843',  ',',  '4.81314085648',  ',43.8663931713') 
 ('oviachic',  ',',  'oviachic',  ',',  '04-noroeste',  ',',  '03-obregon',  ',',  '4.41218483796',  ',',  '6.01550949074',  ',30.8826957755') 
 ('oviachic',  ',',  'oviachic',  ',',  '04-noroeste',  ',',  '03-obregon',  ',',  '8.05122048611',  ',',  '4.51311030093',  ',12.553998669') 
 ('penitas',  ',',  'penitas',  ',',  '02-oriental',  ',',  '38-tabasco',  ',',  '5.31717355324',  ',',  '21.9516347801',  ',14.8740394097') 
 ('penitas',  ',',  'penitas',  ',',  '02-oriental',  ',',  '38-tabasco',  ',',  '8.35831689815',  ',',  '24.6396703704',  ',13.9480573495') 
 ('penitas',  ',',  'penitas',  ',',  '02-oriental',  ',',  '38-tabasco',  ',',  '10.0524397569',  ',',  '30.1161506366',  ',16.9741467014') 
 ('penitas',  ',',  'penitas',  ',',  '02-oriental',  ',',  '38-tabasco',  ',',  '11.8623338542',  ',',  '28.3448371528',  ',28.0113541088') 
 ('penitas',  ',',  'penitas',  ',',  '02-oriental',  ',',  '38-tabasco',  ',',  '14.0350506366',  ',',  '27.4327619213',  ',27.3401773148') 
 ('penitas',  ',',  'penitas',  ',',  '02-oriental',  ',',  '38-tabasco',  ',',  '12.5183438079',  ',',  '25.9670606481',  ',25.5351279514') 
 ('penitas',  ',',  'penitas',  ',',  '02-oriental',  ',',  '38-tabasco',  ',',  '14.1512666667',  ',',  '22.5469578704',  ',22.1739451968') 
 ('penitas',  ',',  'penitas',  ',',  '02-oriental',  ',',  '38-tabasco',  ',',  '16.588978125',  ',',  '21.2642616898',  ',27.7872627894') 
 ('penitas',  ',',  'penitas',  ',',  '02-oriental',  ',',  '38-tabasco',  ',',  '18.6768409144',  ',',  '23.245420544',  ',28.1779990162') 
 ('penitas',  ',',  'penitas',  ',',  '02-oriental',  ',',  '38-tabasco',  ',',  '23.2751915509',  ',',  '16.1340649306',  ',31.5193735532') 
 ('penitas',  ',',  'penitas',  ',',  '02-oriental',  ',',  '38-tabasco',  ',',  '12.9500420139',  ',',  '15.1915818287',  ',26.0427219329') 
 ('penitas',  ',',  'penitas',  ',',  '02-oriental',  ',',  '38-tabasco',  ',',  '17.1814197917',  ',',  '10.3075746528',  ',22.7923391782') 
 ('puente_grande',  ',',  'puente_grande',  ',',  '03-occidental',  ',',  '23-guadalajara',  ',',  '9.09273599537',  ',',  '21.9516347801',  ',29.9868489005') 
 ('puente_grande',  ',',  'puente_grande',  ',',  '03-occidental',  ',',  '23-guadalajara',  ',',  '17.9930168403',  ',',  '24.6396703704',  ',28.0685304398') 
 ('puente_grande',  ',',  'puente_grande',  ',',  '03-occidental',  ',',  '23-guadalajara',  ',',  '17.1652141782',  ',',  '30.1161506366',  ',28.9582074074') 
 ('puente_grande',  ',',  'puente_grande',  ',',  '03-occidental',  ',',  '23-guadalajara',  ',',  '17.3185957755',  ',',  '28.3448371528',  ',25.2933563079') 
 ('puente_grande',  ',',  'puente_grande',  ',',  '03-occidental',  ',',  '23-guadalajara',  ',',  '18.7962952546',  ',',  '27.4327619213',  ',24.0138119792') 
 ('puente_grande',  ',',  'puente_grande',  ',',  '03-occidental',  ',',  '23-guadalajara',  ',',  '16.3101468171',  ',',  '25.9670606481',  ',31.4355299769') 
 ('puente_grande',  ',',  'puente_grande',  ',',  '03-occidental',  ',',  '23-guadalajara',  ',',  '14.2863326389',  ',',  '22.5469578704',  ',40.7355182292') 
 ('puente_grande',  ',',  'puente_grande',  ',',  '03-occidental',  ',',  '23-guadalajara',  ',',  '9.44645347222',  ',',  '21.2642616898',  ',27.576927662') 
 ('puente_grande',  ',',  'puente_grande',  ',',  '03-occidental',  ',',  '23-guadalajara',  ',',  '9.06557928241',  ',',  '23.245420544',  ',10.0953512731') 
 ('puente_grande',  ',',  'puente_grande',  ',',  '03-occidental',  ',',  '23-guadalajara',  ',',  '3.70051979167',  ',',  '16.1340649306',  ',7.25627077546') 
 ('puente_grande',  ',',  'puente_grande',  ',',  '03-occidental',  ',',  '23-guadalajara',  ',',  '3.84728373843',  ',',  '15.1915818287',  ',12.3868145833') 
 ('puente_grande',  ',',  'puente_grande',  ',',  '03-occidental',  ',',  '23-guadalajara',  ',',  '0.0',  ',',  '10.3075746528',  ',22.0455464699') 
 ('sanalona',  ',',  'sanalona',  ',',  '04-noroeste',  ',',  '05-culiacan',  ',',  '5.31717355324',  ',',  '12.0537825231',  ',7.11486440972') 
 ('sanalona',  ',',  'sanalona',  ',',  '04-noroeste',  ',',  '05-culiacan',  ',',  '8.35831689815',  ',',  '19.5076699653',  ',7.63164959491') 
 ('sanalona',  ',',  'sanalona',  ',',  '04-noroeste',  ',',  '05-culiacan',  ',',  '10.0524397569',  ',',  '18.2001855324',  ',9.22595665509') 
 ('sanalona',  ',',  'sanalona',  ',',  '04-noroeste',  ',',  '05-culiacan',  ',',  '11.8623338542',  ',',  '25.3011363426',  ',8.97153148148') 
 ('sanalona',  ',',  'sanalona',  ',',  '04-noroeste',  ',',  '05-culiacan',  ',',  '14.0350506366',  ',',  '27.8598996528',  ',12.3401364005') 
 ('sanalona',  ',',  'sanalona',  ',',  '04-noroeste',  ',',  '05-culiacan',  ',',  '12.5183438079',  ',',  '25.9714655093',  ',14.3825916667') 
 ('sanalona',  ',',  'sanalona',  ',',  '04-noroeste',  ',',  '05-culiacan',  ',',  '14.1512666667',  ',',  '18.5602298611',  ',25.2234018519') 
 ('sanalona',  ',',  'sanalona',  ',',  '04-noroeste',  ',',  '05-culiacan',  ',',  '16.588978125',  ',',  '12.4581427662',  ',28.3561598958') 
 ('sanalona',  ',',  'sanalona',  ',',  '04-noroeste',  ',',  '05-culiacan',  ',',  '18.6768409144',  ',',  '7.47804479167',  ',40.7803442708') 
 ('sanalona',  ',',  'sanalona',  ',',  '04-noroeste',  ',',  '05-culiacan',  ',',  '23.2751915509',  ',',  '4.81314085648',  ',43.8663931713') 
 ('sanalona',  ',',  'sanalona',  ',',  '04-noroeste',  ',',  '05-culiacan',  ',',  '12.9500420139',  ',',  '6.01550949074',  ',30.8826957755') 
 ('sanalona',  ',',  'sanalona',  ',',  '04-noroeste',  ',',  '05-culiacan',  ',',  '17.1814197917',  ',',  '4.51311030093',  ',12.553998669') 
 ('santa_rosa',  ',',  'santa_rosa',  ',',  '03-occidental',  ',',  '23-guadalajara',  ',',  '9.09273599537',  ',',  '16.6120008102',  ',29.9868489005') 
 ('santa_rosa',  ',',  'santa_rosa',  ',',  '03-occidental',  ',',  '23-guadalajara',  ',',  '17.9930168403',  ',',  '19.3433318287',  ',28.0685304398') 
 ('santa_rosa',  ',',  'santa_rosa',  ',',  '03-occidental',  ',',  '23-guadalajara',  ',',  '17.1652141782',  ',',  '26.4056828125',  ',28.9582074074') 
 ('santa_rosa',  ',',  'santa_rosa',  ',',  '03-occidental',  ',',  '23-guadalajara',  ',',  '17.3185957755',  ',',  '26.159668287',  ',25.2933563079') 
 ('santa_rosa',  ',',  'santa_rosa',  ',',  '03-occidental',  ',',  '23-guadalajara',  ',',  '18.7962952546',  ',',  '27.5542265046',  ',24.0138119792') 
 ('santa_rosa',  ',',  'santa_rosa',  ',',  '03-occidental',  ',',  '23-guadalajara',  ',',  '16.3101468171',  ',',  '24.8987528356',  ',31.4355299769') 
 ('santa_rosa',  ',',  'santa_rosa',  ',',  '03-occidental',  ',',  '23-guadalajara',  ',',  '14.2863326389',  ',',  '26.2301242477',  ',40.7355182292') 
 ('santa_rosa',  ',',  'santa_rosa',  ',',  '03-occidental',  ',',  '23-guadalajara',  ',',  '9.44645347222',  ',',  '28.0629177662',  ',27.576927662') 
 ('santa_rosa',  ',',  'santa_rosa',  ',',  '03-occidental',  ',',  '23-guadalajara',  ',',  '9.06557928241',  ',',  '18.1668776042',  ',10.0953512731') 
 ('santa_rosa',  ',',  'santa_rosa',  ',',  '03-occidental',  ',',  '23-guadalajara',  ',',  '3.70051979167',  ',',  '5.79753200231',  ',7.25627077546') 
 ('santa_rosa',  ',',  'santa_rosa',  ',',  '03-occidental',  ',',  '23-guadalajara',  ',',  '3.84728373843',  ',',  '9.95292008102',  ',12.3868145833') 
 ('santa_rosa',  ',',  'santa_rosa',  ',',  '03-occidental',  ',',  '23-guadalajara',  ',',  '0.0',  ',',  '10.4392573495',  ',22.0455464699') 
 ('schpoina',  ',',  'schpoina',  ',',  '02-oriental',  ',',  '39-grijalva',  ',',  '5.31717355324',  ',',  '16.6120008102',  ',7.11486440972') 
 ('schpoina',  ',',  'schpoina',  ',',  '02-oriental',  ',',  '39-grijalva',  ',',  '8.35831689815',  ',',  '19.3433318287',  ',7.63164959491') 
 ('schpoina',  ',',  'schpoina',  ',',  '02-oriental',  ',',  '39-grijalva',  ',',  '10.0524397569',  ',',  '26.4056828125',  ',9.22595665509') 
 ('schpoina',  ',',  'schpoina',  ',',  '02-oriental',  ',',  '39-grijalva',  ',',  '11.8623338542',  ',',  '26.159668287',  ',8.97153148148') 
 ('schpoina',  ',',  'schpoina',  ',',  '02-oriental',  ',',  '39-grijalva',  ',',  '14.0350506366',  ',',  '27.5542265046',  ',12.3401364005') 
 ('schpoina',  ',',  'schpoina',  ',',  '02-oriental',  ',',  '39-grijalva',  ',',  '12.5183438079',  ',',  '24.8987528356',  ',14.3825916667') 
 ('schpoina',  ',',  'schpoina',  ',',  '02-oriental',  ',',  '39-grijalva',  ',',  '14.1512666667',  ',',  '26.2301242477',  ',25.2234018519') 
 ('schpoina',  ',',  'schpoina',  ',',  '02-oriental',  ',',  '39-grijalva',  ',',  '16.588978125',  ',',  '28.0629177662',  ',28.3561598958') 
 ('schpoina',  ',',  'schpoina',  ',',  '02-oriental',  ',',  '39-grijalva',  ',',  '18.6768409144',  ',',  '18.1668776042',  ',40.7803442708') 
 ('schpoina',  ',',  'schpoina',  ',',  '02-oriental',  ',',  '39-grijalva',  ',',  '23.2751915509',  ',',  '5.79753200231',  ',43.8663931713') 
 ('schpoina',  ',',  'schpoina',  ',',  '02-oriental',  ',',  '39-grijalva',  ',',  '12.9500420139',  ',',  '9.95292008102',  ',30.8826957755') 
 ('schpoina',  ',',  'schpoina',  ',',  '02-oriental',  ',',  '39-grijalva',  ',',  '17.1814197917',  ',',  '10.4392573495',  ',12.553998669') 
 ('solidaridad',  ',',  'aguamilpa_solidaridad',  ',',  '03-occidental',  ',',  '22-tepic',  ',',  '5.31717355324',  ',',  '16.6120008102',  ',14.8740394097') 
 ('solidaridad',  ',',  'aguamilpa_solidaridad',  ',',  '03-occidental',  ',',  '22-tepic',  ',',  '8.35831689815',  ',',  '19.3433318287',  ',13.9480573495') 
 ('solidaridad',  ',',  'aguamilpa_solidaridad',  ',',  '03-occidental',  ',',  '22-tepic',  ',',  '10.0524397569',  ',',  '26.4056828125',  ',16.9741467014') 
 ('solidaridad',  ',',  'aguamilpa_solidaridad',  ',',  '03-occidental',  ',',  '22-tepic',  ',',  '11.8623338542',  ',',  '26.159668287',  ',28.0113541088') 
 ('solidaridad',  ',',  'aguamilpa_solidaridad',  ',',  '03-occidental',  ',',  '22-tepic',  ',',  '14.0350506366',  ',',  '27.5542265046',  ',27.3401773148') 
 ('solidaridad',  ',',  'aguamilpa_solidaridad',  ',',  '03-occidental',  ',',  '22-tepic',  ',',  '12.5183438079',  ',',  '24.8987528356',  ',25.5351279514') 
 ('solidaridad',  ',',  'aguamilpa_solidaridad',  ',',  '03-occidental',  ',',  '22-tepic',  ',',  '14.1512666667',  ',',  '26.2301242477',  ',22.1739451968') 
 ('solidaridad',  ',',  'aguamilpa_solidaridad',  ',',  '03-occidental',  ',',  '22-tepic',  ',',  '16.588978125',  ',',  '28.0629177662',  ',27.7872627894') 
 ('solidaridad',  ',',  'aguamilpa_solidaridad',  ',',  '03-occidental',  ',',  '22-tepic',  ',',  '18.6768409144',  ',',  '18.1668776042',  ',28.1779990162') 
 ('solidaridad',  ',',  'aguamilpa_solidaridad',  ',',  '03-occidental',  ',',  '22-tepic',  ',',  '23.2751915509',  ',',  '5.79753200231',  ',31.5193735532') 
 ('solidaridad',  ',',  'aguamilpa_solidaridad',  ',',  '03-occidental',  ',',  '22-tepic',  ',',  '12.9500420139',  ',',  '9.95292008102',  ',26.0427219329') 
 ('solidaridad',  ',',  'aguamilpa_solidaridad',  ',',  '03-occidental',  ',',  '22-tepic',  ',',  '17.1814197917',  ',',  '10.4392573495',  ',22.7923391782') 
 ('tamazulapan',  ',',  'tamazulapan',  ',',  '02-oriental',  ',',  '36-temascal',  ',',  '5.31717355324',  ',',  '16.6120008102',  ',29.9868489005') 
 ('tamazulapan',  ',',  'tamazulapan',  ',',  '02-oriental',  ',',  '36-temascal',  ',',  '8.35831689815',  ',',  '19.3433318287',  ',28.0685304398') 
 ('tamazulapan',  ',',  'tamazulapan',  ',',  '02-oriental',  ',',  '36-temascal',  ',',  '10.0524397569',  ',',  '26.4056828125',  ',28.9582074074') 
 ('tamazulapan',  ',',  'tamazulapan',  ',',  '02-oriental',  ',',  '36-temascal',  ',',  '11.8623338542',  ',',  '26.159668287',  ',25.2933563079') 
 ('tamazulapan',  ',',  'tamazulapan',  ',',  '02-oriental',  ',',  '36-temascal',  ',',  '14.0350506366',  ',',  '27.5542265046',  ',24.0138119792') 
 ('tamazulapan',  ',',  'tamazulapan',  ',',  '02-oriental',  ',',  '36-temascal',  ',',  '12.5183438079',  ',',  '24.8987528356',  ',31.4355299769') 
 ('tamazulapan',  ',',  'tamazulapan',  ',',  '02-oriental',  ',',  '36-temascal',  ',',  '14.1512666667',  ',',  '26.2301242477',  ',40.7355182292') 
 ('tamazulapan',  ',',  'tamazulapan',  ',',  '02-oriental',  ',',  '36-temascal',  ',',  '16.588978125',  ',',  '28.0629177662',  ',27.576927662') 
 ('tamazulapan',  ',',  'tamazulapan',  ',',  '02-oriental',  ',',  '36-temascal',  ',',  '18.6768409144',  ',',  '18.1668776042',  ',10.0953512731') 
 ('tamazulapan',  ',',  'tamazulapan',  ',',  '02-oriental',  ',',  '36-temascal',  ',',  '23.2751915509',  ',',  '5.79753200231',  ',7.25627077546') 
 ('tamazulapan',  ',',  'tamazulapan',  ',',  '02-oriental',  ',',  '36-temascal',  ',',  '12.9500420139',  ',',  '9.95292008102',  ',12.3868145833') 
 ('tamazulapan',  ',',  'tamazulapan',  ',',  '02-oriental',  ',',  '36-temascal',  ',',  '17.1814197917',  ',',  '10.4392573495',  ',22.0455464699') 
 ('temascal',  ',',  'temascal',  ',',  '02-oriental',  ',',  '36-temascal',  ',',  '9.09273599537',  ',',  '16.6120008102',  ',29.9868489005') 
 ('temascal',  ',',  'temascal',  ',',  '02-oriental',  ',',  '36-temascal',  ',',  '17.9930168403',  ',',  '19.3433318287',  ',28.0685304398') 
 ('temascal',  ',',  'temascal',  ',',  '02-oriental',  ',',  '36-temascal',  ',',  '17.1652141782',  ',',  '26.4056828125',  ',28.9582074074') 
 ('temascal',  ',',  'temascal',  ',',  '02-oriental',  ',',  '36-temascal',  ',',  '17.3185957755',  ',',  '26.159668287',  ',25.2933563079') 
 ('temascal',  ',',  'temascal',  ',',  '02-oriental',  ',',  '36-temascal',  ',',  '18.7962952546',  ',',  '27.5542265046',  ',24.0138119792') 
 ('temascal',  ',',  'temascal',  ',',  '02-oriental',  ',',  '36-temascal',  ',',  '16.3101468171',  ',',  '24.8987528356',  ',31.4355299769') 
 ('temascal',  ',',  'temascal',  ',',  '02-oriental',  ',',  '36-temascal',  ',',  '14.2863326389',  ',',  '26.2301242477',  ',40.7355182292') 
 ('temascal',  ',',  'temascal',  ',',  '02-oriental',  ',',  '36-temascal',  ',',  '9.44645347222',  ',',  '28.0629177662',  ',27.576927662') 
 ('temascal',  ',',  'temascal',  ',',  '02-oriental',  ',',  '36-temascal',  ',',  '9.06557928241',  ',',  '18.1668776042',  ',10.0953512731') 
 ('temascal',  ',',  'temascal',  ',',  '02-oriental',  ',',  '36-temascal',  ',',  '3.70051979167',  ',',  '5.79753200231',  ',7.25627077546') 
 ('temascal',  ',',  'temascal',  ',',  '02-oriental',  ',',  '36-temascal',  ',',  '3.84728373843',  ',',  '9.95292008102',  ',12.3868145833') 
 ('temascal',  ',',  'temascal',  ',',  '02-oriental',  ',',  '36-temascal',  ',',  '0.0',  ',',  '10.4392573495',  ',22.0455464699') 
 ('texolo',  ',',  'texolo',  ',',  '02-oriental',  ',',  '33-veracruz',  ',',  '9.09273599537',  ',',  '16.6120008102',  ',8.52677540509') 
 ('texolo',  ',',  'texolo',  ',',  '02-oriental',  ',',  '33-veracruz',  ',',  '17.9930168403',  ',',  '19.3433318287',  ',1.434171875') 
 ('texolo',  ',',  'texolo',  ',',  '02-oriental',  ',',  '33-veracruz',  ',',  '17.1652141782',  ',',  '26.4056828125',  ',27.9481141782') 
 ('texolo',  ',',  'texolo',  ',',  '02-oriental',  ',',  '33-veracruz',  ',',  '17.3185957755',  ',',  '26.159668287',  ',38.4137177662') 
 ('texolo',  ',',  'texolo',  ',',  '02-oriental',  ',',  '33-veracruz',  ',',  '18.7962952546',  ',',  '27.5542265046',  ',37.7223927662') 
 ('texolo',  ',',  'texolo',  ',',  '02-oriental',  ',',  '33-veracruz',  ',',  '16.3101468171',  ',',  '24.8987528356',  ',25.4270568287') 
 ('texolo',  ',',  'texolo',  ',',  '02-oriental',  ',',  '33-veracruz',  ',',  '14.2863326389',  ',',  '26.2301242477',  ',32.7268191551') 
 ('texolo',  ',',  'texolo',  ',',  '02-oriental',  ',',  '33-veracruz',  ',',  '9.44645347222',  ',',  '28.0629177662',  ',37.1753230324') 
 ('texolo',  ',',  'texolo',  ',',  '02-oriental',  ',',  '33-veracruz',  ',',  '9.06557928241',  ',',  '18.1668776042',  ',18.336346412') 
 ('texolo',  ',',  'texolo',  ',',  '02-oriental',  ',',  '33-veracruz',  ',',  '3.70051979167',  ',',  '5.79753200231',  ',18.6613815394') 
 ('texolo',  ',',  'texolo',  ',',  '02-oriental',  ',',  '33-veracruz',  ',',  '3.84728373843',  ',',  '9.95292008102',  ',18.2061802083') 
 ('texolo',  ',',  'texolo',  ',',  '02-oriental',  ',',  '33-veracruz',  ',',  '0.0',  ',',  '10.4392573495',  ',18.1652409722') 
 ('tirio',  ',',  'tirio',  ',',  '03-occidental',  ',',  '28-carapan',  ',',  '13.3728354745',  ',',  '12.0537825231',  ',29.9868489005') 
 ('tirio',  ',',  'tirio',  ',',  '03-occidental',  ',',  '28-carapan',  ',',  '11.5541417245',  ',',  '19.5076699653',  ',28.0685304398') 
 ('tirio',  ',',  'tirio',  ',',  '03-occidental',  ',',  '28-carapan',  ',',  '17.2523601852',  ',',  '18.2001855324',  ',28.9582074074') 
 ('tirio',  ',',  'tirio',  ',',  '03-occidental',  ',',  '28-carapan',  ',',  '20.6050243056',  ',',  '25.3011363426',  ',25.2933563079') 
 ('tirio',  ',',  'tirio',  ',',  '03-occidental',  ',',  '28-carapan',  ',',  '22.3624737269',  ',',  '27.8598996528',  ',24.0138119792') 
 ('tirio',  ',',  'tirio',  ',',  '03-occidental',  ',',  '28-carapan',  ',',  '21.8815905671',  ',',  '25.9714655093',  ',31.4355299769') 
 ('tirio',  ',',  'tirio',  ',',  '03-occidental',  ',',  '28-carapan',  ',',  '22.6061222801',  ',',  '18.5602298611',  ',40.7355182292') 
 ('tirio',  ',',  'tirio',  ',',  '03-occidental',  ',',  '28-carapan',  ',',  '15.7400005208',  ',',  '12.4581427662',  ',27.576927662') 
 ('tirio',  ',',  'tirio',  ',',  '03-occidental',  ',',  '28-carapan',  ',',  '10.7803710648',  ',',  '7.47804479167',  ',10.0953512731') 
 ('tirio',  ',',  'tirio',  ',',  '03-occidental',  ',',  '28-carapan',  ',',  '9.66221498843',  ',',  '4.81314085648',  ',7.25627077546') 
 ('tirio',  ',',  'tirio',  ',',  '03-occidental',  ',',  '28-carapan',  ',',  '4.41218483796',  ',',  '6.01550949074',  ',12.3868145833') 
 ('tirio',  ',',  'tirio',  ',',  '03-occidental',  ',',  '28-carapan',  ',',  '8.05122048611',  ',',  '4.51311030093',  ',22.0455464699') 
 ('tuxpango',  ',',  'tuxpango',  ',',  '02-oriental',  ',',  '36-temascal',  ',',  '9.09273599537',  ',',  '12.0537825231',  ',29.9868489005') 
 ('tuxpango',  ',',  'tuxpango',  ',',  '02-oriental',  ',',  '36-temascal',  ',',  '17.9930168403',  ',',  '19.5076699653',  ',28.0685304398') 
 ('tuxpango',  ',',  'tuxpango',  ',',  '02-oriental',  ',',  '36-temascal',  ',',  '17.1652141782',  ',',  '18.2001855324',  ',28.9582074074') 
 ('tuxpango',  ',',  'tuxpango',  ',',  '02-oriental',  ',',  '36-temascal',  ',',  '17.3185957755',  ',',  '25.3011363426',  ',25.2933563079') 
 ('tuxpango',  ',',  'tuxpango',  ',',  '02-oriental',  ',',  '36-temascal',  ',',  '18.7962952546',  ',',  '27.8598996528',  ',24.0138119792') 
 ('tuxpango',  ',',  'tuxpango',  ',',  '02-oriental',  ',',  '36-temascal',  ',',  '16.3101468171',  ',',  '25.9714655093',  ',31.4355299769') 
 ('tuxpango',  ',',  'tuxpango',  ',',  '02-oriental',  ',',  '36-temascal',  ',',  '14.2863326389',  ',',  '18.5602298611',  ',40.7355182292') 
 ('tuxpango',  ',',  'tuxpango',  ',',  '02-oriental',  ',',  '36-temascal',  ',',  '9.44645347222',  ',',  '12.4581427662',  ',27.576927662') 
 ('tuxpango',  ',',  'tuxpango',  ',',  '02-oriental',  ',',  '36-temascal',  ',',  '9.06557928241',  ',',  '7.47804479167',  ',10.0953512731') 
 ('tuxpango',  ',',  'tuxpango',  ',',  '02-oriental',  ',',  '36-temascal',  ',',  '3.70051979167',  ',',  '4.81314085648',  ',7.25627077546') 
 ('tuxpango',  ',',  'tuxpango',  ',',  '02-oriental',  ',',  '36-temascal',  ',',  '3.84728373843',  ',',  '6.01550949074',  ',12.3868145833') 
 ('tuxpango',  ',',  'tuxpango',  ',',  '02-oriental',  ',',  '36-temascal',  ',',  '0.0',  ',',  '4.51311030093',  ',22.0455464699') 
 ('zimapan',  ',',  'zimapan',  ',',  '03-occidental',  ',',  '30-queretaro',  ',',  '9.09273599537',  ',',  '16.6120008102',  ',29.9868489005') 
 ('zimapan',  ',',  'zimapan',  ',',  '03-occidental',  ',',  '30-queretaro',  ',',  '17.9930168403',  ',',  '19.3433318287',  ',28.0685304398') 
 ('zimapan',  ',',  'zimapan',  ',',  '03-occidental',  ',',  '30-queretaro',  ',',  '17.1652141782',  ',',  '26.4056828125',  ',28.9582074074') 
 ('zimapan',  ',',  'zimapan',  ',',  '03-occidental',  ',',  '30-queretaro',  ',',  '17.3185957755',  ',',  '26.159668287',  ',25.2933563079') 
 ('zimapan',  ',',  'zimapan',  ',',  '03-occidental',  ',',  '30-queretaro',  ',',  '18.7962952546',  ',',  '27.5542265046',  ',24.0138119792') 
 ('zimapan',  ',',  'zimapan',  ',',  '03-occidental',  ',',  '30-queretaro',  ',',  '16.3101468171',  ',',  '24.8987528356',  ',31.4355299769') 
 ('zimapan',  ',',  'zimapan',  ',',  '03-occidental',  ',',  '30-queretaro',  ',',  '14.2863326389',  ',',  '26.2301242477',  ',40.7355182292') 
 ('zimapan',  ',',  'zimapan',  ',',  '03-occidental',  ',',  '30-queretaro',  ',',  '9.44645347222',  ',',  '28.0629177662',  ',27.576927662') 
 ('zimapan',  ',',  'zimapan',  ',',  '03-occidental',  ',',  '30-queretaro',  ',',  '9.06557928241',  ',',  '18.1668776042',  ',10.0953512731') 
 ('zimapan',  ',',  'zimapan',  ',',  '03-occidental',  ',',  '30-queretaro',  ',',  '3.70051979167',  ',',  '5.79753200231',  ',7.25627077546') 
 ('zimapan',  ',',  'zimapan',  ',',  '03-occidental',  ',',  '30-queretaro',  ',',  '3.84728373843',  ',',  '9.95292008102',  ',12.3868145833') 
 ('zimapan',  ',',  'zimapan',  ',',  '03-occidental',  ',',  '30-queretaro',  ',',  '0.0',  ',',  '10.4392573495',  ',22.0455464699') 
 ('zumpinito',  ',',  'zumpimito',  ',',  '03-occidental',  ',',  '28-carapan',  ',',  '13.3728354745',  ',',  '12.0537825231',  ',7.11486440972') 
 ('zumpinito',  ',',  'zumpimito',  ',',  '03-occidental',  ',',  '28-carapan',  ',',  '11.5541417245',  ',',  '19.5076699653',  ',7.63164959491') 
 ('zumpinito',  ',',  'zumpimito',  ',',  '03-occidental',  ',',  '28-carapan',  ',',  '17.2523601852',  ',',  '18.2001855324',  ',9.22595665509') 
 ('zumpinito',  ',',  'zumpimito',  ',',  '03-occidental',  ',',  '28-carapan',  ',',  '20.6050243056',  ',',  '25.3011363426',  ',8.97153148148') 
 ('zumpinito',  ',',  'zumpimito',  ',',  '03-occidental',  ',',  '28-carapan',  ',',  '22.3624737269',  ',',  '27.8598996528',  ',12.3401364005') 
 ('zumpinito',  ',',  'zumpimito',  ',',  '03-occidental',  ',',  '28-carapan',  ',',  '21.8815905671',  ',',  '25.9714655093',  ',14.3825916667') 
 ('zumpinito',  ',',  'zumpimito',  ',',  '03-occidental',  ',',  '28-carapan',  ',',  '22.6061222801',  ',',  '18.5602298611',  ',25.2234018519') 
 ('zumpinito',  ',',  'zumpimito',  ',',  '03-occidental',  ',',  '28-carapan',  ',',  '15.7400005208',  ',',  '12.4581427662',  ',28.3561598958') 
 ('zumpinito',  ',',  'zumpimito',  ',',  '03-occidental',  ',',  '28-carapan',  ',',  '10.7803710648',  ',',  '7.47804479167',  ',40.7803442708') 
 ('zumpinito',  ',',  'zumpimito',  ',',  '03-occidental',  ',',  '28-carapan',  ',',  '9.66221498843',  ',',  '4.81314085648',  ',43.8663931713') 
 ('zumpinito',  ',',  'zumpimito',  ',',  '03-occidental',  ',',  '28-carapan',  ',',  '4.41218483796',  ',',  '6.01550949074',  ',30.8826957755') 
 ('zumpinito',  ',',  'zumpimito',  ',',  '03-occidental',  ',',  '28-carapan',  ',',  '8.05122048611',  ',',  '4.51311030093',  ',12.553998669') 
